# Target: MySQL
# Syntax: mysql -u user -p db_name < filename.sql
#
# Date  : Apr 14 2013 20:32
#
/*!40101 SET NAMES utf8 */;
SET character_set_client = utf8;

###################
# Dumping table activities
###################

###################
# Dumping table chat_messages
###################

INSERT INTO `chat_messages` VALUES ('982549','72207','281068','kkkkk','2012-12-02 01:29:06.477914','2012-12-02 01:29:06.477914','0'),
('982550','72206','281068','kkkkk','2012-12-02 01:29:06.508496','2012-12-02 01:29:06.508496','0'),
('962101','71713','280894','hihi]','2012-11-21 00:29:34.552313','2012-11-21 00:29:34.552313','0'),
('962102','71715','280894','hihi]','2012-11-21 00:29:34.596512','2012-11-21 00:29:34.596512','0'),
('962103','71715','281067','BLZ????????','2012-11-21 00:29:43.929258','2012-11-21 00:29:43.929258','0'),
('962104','71713','281067','BLZ????????','2012-11-21 00:29:44.069356','2012-11-21 00:29:44.069356','0'),
('962111','71715','281067','então é noooooooois','2012-11-21 00:31:29.163666','2012-11-21 00:31:29.163666','0'),
('962112','71713','281067','então é noooooooois','2012-11-21 00:31:29.209031','2012-11-21 00:31:29.209031','0'),
('962115','71714','281066','to trabalhando aki','2012-11-21 00:31:36.236425','2012-11-21 00:31:36.236425','0'),
('962116','71716','281066','to trabalhando aki','2012-11-21 00:31:36.257088','2012-11-21 00:31:36.257088','0'),
('962097','71715','281067','E AI','2012-11-21 00:29:28.828037','2012-11-21 00:29:28.828037','0'),
('962098','71713','281067','E AI','2012-11-21 00:29:28.883241','2012-11-21 00:29:28.883241','0'),
('962105','71713','280894','aah na medida dos expulsivis','2012-11-21 00:29:53.751053','2012-11-21 00:29:53.751053','0'),
('962106','71715','280894','aah na medida dos expulsivis','2012-11-21 00:29:53.862599','2012-11-21 00:29:53.862599','0'),
('962127','71713','280894','hihihi','2012-11-21 00:40:32.814074','2012-11-21 00:40:32.814074','0'),
('962128','71715','280894','hihihi','2012-11-21 00:40:32.86744','2012-11-21 00:40:32.86744','0'),
('962091','71712','280894','oi maikon','2012-11-21 00:26:35.097294','2012-11-21 00:26:35.097294','0'),
('962092','71711','280894','oi maikon','2012-11-21 00:26:35.149359','2012-11-21 00:26:35.149359','0'),
('962093','71711','281066','oi','2012-11-21 00:26:49.610747','2012-11-21 00:26:49.610747','0'),
('962094','71712','281066','oi','2012-11-21 00:26:49.64207','2012-11-21 00:26:49.64207','0'),
('962099','71716','281067','E AI ','2012-11-21 00:29:33.615587','2012-11-21 00:29:33.615587','0'),
('962100','71714','281067','E AI ','2012-11-21 00:29:33.628952','2012-11-21 00:29:33.628952','0'),
('962129','71713','280894','hihihi','2012-11-21 00:40:34.897111','2012-11-21 00:40:34.897111','0'),
('962130','71715','280894','hihihi','2012-11-21 00:40:34.924789','2012-11-21 00:40:34.924789','0'),
('962113','71715','281067','então é noooooooois','2012-11-21 00:31:35.001291','2012-11-21 00:31:35.001291','0'),
('962114','71713','281067','então é noooooooois','2012-11-21 00:31:35.027124','2012-11-21 00:31:35.027124','0'),
('962109','71714','281066','e ai','2012-11-21 00:31:26.371888','2012-11-21 00:31:26.371888','0'),
('962110','71716','281066','e ai','2012-11-21 00:31:26.42603','2012-11-21 00:31:26.42603','0'),
('1126305','72206','280894','xo te fala','2013-03-19 04:51:03.207845','2013-03-19 04:51:03.207845','0'),
('1126306','72207','280894','xo te fala','2013-03-19 04:51:03.23969','2013-03-19 04:51:03.23969','0'),
('1126301','72207','281068','agora toooo','2013-03-19 04:50:50.559257','2013-03-19 04:50:50.559257','0'),
('1126303','72206','280894','entao','2013-03-19 04:50:56.882783','2013-03-19 04:50:56.882783','0'),
('1126304','72207','280894','entao','2013-03-19 04:50:56.91336','2013-03-19 04:50:56.91336','0'),
('1126345','72206','280894','entao eh pq assim','2013-03-19 05:02:21.009315','2013-03-19 05:02:21.009315','0'),
('1126346','72207','280894','entao eh pq assim','2013-03-19 05:02:21.022617','2013-03-19 05:02:21.022617','0'),
('1126297','72207','281068','oooii','2013-03-19 04:50:40.37896','2013-03-19 04:50:40.37896','0'),
('1126298','72206','281068','oooii','2013-03-19 04:50:40.408473','2013-03-19 04:50:40.408473','0'),
('1126299','72207','281068',':D','2013-03-19 04:50:46.122259','2013-03-19 04:50:46.122259','0'),
('1126300','72206','281068',':D','2013-03-19 04:50:46.145566','2013-03-19 04:50:46.145566','0'),
('1126319','72207','281068','na vdd a gente já cria no netbeans como xhtml','2013-03-19 04:55:32.937829','2013-03-19 04:55:32.937829','0'),
('1126320','72206','281068','na vdd a gente já cria no netbeans como xhtml','2013-03-19 04:55:32.967183','2013-03-19 04:55:32.967183','0'),
('1126329','72206','280894','eu to tentando colocar a classe Pessoa q a Ge fez usando o template','2013-03-19 04:57:16.849429','2013-03-19 04:57:16.849429','0'),
('1126330','72207','280894','eu to tentando colocar a classe Pessoa q a Ge fez usando o template','2013-03-19 04:57:16.879871','2013-03-19 04:57:16.879871','0'),
('1126335','72207','281068','mas vc esta fazendo isso no htm','2013-03-19 04:59:55.679208','2013-03-19 04:59:55.679208','0'),
('1126336','72206','281068','mas vc esta fazendo isso no htm','2013-03-19 04:59:55.698277','2013-03-19 04:59:55.698277','0'),
('1126359','72207','281068','sem o h: neh','2013-03-19 05:03:08.701422','2013-03-19 05:03:08.701422','0'),
('1126360','72206','281068','sem o h: neh','2013-03-19 05:03:08.731924','2013-03-19 05:03:08.731924','0'),
('1126337','72207','281068','que já existia','2013-03-19 05:00:00.29728','2013-03-19 05:00:00.29728','0'),
('1126338','72206','281068','que já existia','2013-03-19 05:00:00.337342','2013-03-19 05:00:00.337342','0'),
('1126275','72206','280894','ju','2013-03-19 04:19:59.496455','2013-03-19 04:19:59.496455','0'),
('1126276','72207','280894','ju','2013-03-19 04:19:59.514177','2013-03-19 04:19:59.514177','0'),
('1126311','72206','280894','nao consigo transformar o html em xhtml efetivamente','2013-03-19 04:51:32.936687','2013-03-19 04:51:32.936687','0'),
('1126312','72207','280894','nao consigo transformar o html em xhtml efetivamente','2013-03-19 04:51:32.960242','2013-03-19 04:51:32.960242','0'),
('1126325','72206','280894','sabe template q eu to usando','2013-03-19 04:56:47.253475','2013-03-19 04:56:47.253475','0'),
('1126326','72207','280894','sabe template q eu to usando','2013-03-19 04:56:47.276861','2013-03-19 04:56:47.276861','0'),
('1126349','72206','280894','soh q a linguagem dele ta como html','2013-03-19 05:02:37.229369','2013-03-19 05:02:37.229369','0'),
('1126350','72207','280894','soh q a linguagem dele ta como html','2013-03-19 05:02:37.246787','2013-03-19 05:02:37.246787','0'),
('1126357','72206','280894','dps*','2013-03-19 05:02:54.73058','2013-03-19 05:02:54.73058','0'),
('1126358','72207','280894','dps*','2013-03-19 05:02:54.74641','2013-03-19 05:02:54.74641','0'),
('1126371','72207','281068','amanhã cedo tento achar','2013-03-19 05:06:40.055707','2013-03-19 05:06:40.055707','0'),
('1126307','72206','280894','por enqt tenho um problema sem solucao','2013-03-19 04:51:15.185756','2013-03-19 04:51:15.185756','0'),
('1126308','72207','280894','por enqt tenho um problema sem solucao','2013-03-19 04:51:15.21391','2013-03-19 04:51:15.21391','0'),
('1126331','72207','281068','é nele que vc quer fazer','2013-03-19 04:57:17.648745','2013-03-19 04:57:17.648745','0'),
('1126332','72206','281068','é nele que vc quer fazer','2013-03-19 04:57:17.67928','2013-03-19 04:57:17.67928','0'),
('1126355','72206','280894','vo ver um jeito dsp','2013-03-19 05:02:52.642825','2013-03-19 05:02:52.642825','0'),
('1126356','72207','280894','vo ver um jeito dsp','2013-03-19 05:02:52.672026','2013-03-19 05:02:52.672026','0'),
('1126317','72206','280894','saca?','2013-03-19 04:52:02.034764','2013-03-19 04:52:02.034764','0'),
('1126318','72207','280894','saca?','2013-03-19 04:52:02.064171','2013-03-19 04:52:02.064171','0'),
('1126323','72206','280894','nao nao nada ve','2013-03-19 04:56:33.131876','2013-03-19 04:56:33.131876','0'),
('1126277','72206','280894','se ta ae','2013-03-19 04:20:01.50703','2013-03-19 04:20:01.50703','0'),
('1126278','72207','280894','se ta ae','2013-03-19 04:20:01.523811','2013-03-19 04:20:01.523811','0'),
('1126313','72206','280894','com o ui:','2013-03-19 04:51:51.148967','2013-03-19 04:51:51.148967','0'),
('1126314','72207','280894','com o ui:','2013-03-19 04:51:51.188959','2013-03-19 04:51:51.188959','0'),
('1126324','72207','280894','nao nao nada ve','2013-03-19 04:56:33.162','2013-03-19 04:56:33.162','0'),
('1126333','72206','280894','sim sim','2013-03-19 04:57:20.995063','2013-03-19 04:57:20.995063','0'),
('1126334','72207','280894','sim sim','2013-03-19 04:57:21.017732','2013-03-19 04:57:21.017732','0'),
('1126347','72206','280894','eu tenho ele em xhtml ','2013-03-19 05:02:29.793146','2013-03-19 05:02:29.793146','0'),
('1126348','72207','280894','eu tenho ele em xhtml ','2013-03-19 05:02:29.810284','2013-03-19 05:02:29.810284','0'),
('1126361','72207','281068','ixxi Elias','2013-03-19 05:03:19.141522','2013-03-19 05:03:19.141522','0'),
('1126362','72206','281068','ixxi Elias','2013-03-19 05:03:19.28208','2013-03-19 05:03:19.28208','0'),
('1126369','72207','281068','vou dormir','2013-03-19 05:06:34.333504','2013-03-19 05:06:34.333504','0'),
('1126370','72206','281068','vou dormir','2013-03-19 05:06:34.358357','2013-03-19 05:06:34.358357','0'),
('1126309','72207','281068','então','2013-03-19 04:51:23.81301','2013-03-19 04:51:23.81301','0'),
('1126310','72206','281068','então','2013-03-19 04:51:23.840762','2013-03-19 04:51:23.840762','0'),
('1126353','72206','280894','mas enfim','2013-03-19 05:02:48.237587','2013-03-19 05:02:48.237587','0'),
('1126354','72207','280894','mas enfim','2013-03-19 05:02:48.266587','2013-03-19 05:02:48.266587','0'),
('1126365','72207','281068','posso ver se acho alguma coisa e te mando','2013-03-19 05:04:04.104989','2013-03-19 05:04:04.104989','0'),
('1126366','72206','281068','posso ver se acho alguma coisa e te mando','2013-03-19 05:04:04.132368','2013-03-19 05:04:04.132368','0'),
('1126377','72206','280894','belez','2013-03-19 05:07:44.536636','2013-03-19 05:07:44.536636','0'),
('1126378','72207','280894','belez','2013-03-19 05:07:44.554953','2013-03-19 05:07:44.554953','0'),
('1126321','72207','281068','foi isso que vc fez?','2013-03-19 04:55:39.606189','2013-03-19 04:55:39.606189','0'),
('1126322','72206','281068','foi isso que vc fez?','2013-03-19 04:55:39.637','2013-03-19 04:55:39.637','0'),
('1126302','72206','281068','agora toooo','2013-03-19 04:50:50.574935','2013-03-19 04:50:50.574935','0'),
('1126315','72206','280894','h:head>','2013-03-19 04:52:00.16768','2013-03-19 04:52:00.16768','0'),
('1126316','72207','280894','h:head>','2013-03-19 04:52:00.19298','2013-03-19 04:52:00.19298','0'),
('1126327','72207','281068','huuumm','2013-03-19 04:57:10.220541','2013-03-19 04:57:10.220541','0'),
('1126328','72206','281068','huuumm','2013-03-19 04:57:10.250671','2013-03-19 04:57:10.250671','0'),
('1126367','72206','280894','eeh vou ver o q dá pra fazer','2013-03-19 05:04:14.376924','2013-03-19 05:04:14.376924','0'),
('1126368','72207','280894','eeh vou ver o q dá pra fazer','2013-03-19 05:04:14.407588','2013-03-19 05:04:14.407588','0'),
('1126375','72207','281068','boa noiteee','2013-03-19 05:06:50.677847','2013-03-19 05:06:50.677847','0'),
('1126376','72206','281068','boa noiteee','2013-03-19 05:06:50.704547','2013-03-19 05:06:50.704547','0'),
('1126351','72206','280894','nao sei pq tbm','2013-03-19 05:02:41.517435','2013-03-19 05:02:41.517435','0'),
('1126352','72207','280894','nao sei pq tbm','2013-03-19 05:02:41.540613','2013-03-19 05:02:41.540613','0'),
('1126363','72207','281068','eu não sei como te ajudar','2013-03-19 05:03:53.696047','2013-03-19 05:03:53.696047','0'),
('1126364','72206','281068','eu não sei como te ajudar','2013-03-19 05:03:53.7237','2013-03-19 05:03:53.7237','0'),
('1126372','72206','281068','amanhã cedo tento achar','2013-03-19 05:06:40.078948','2013-03-19 05:06:40.078948','0'),
('1126373','72207','281068','se achar te passo','2013-03-19 05:06:46.032434','2013-03-19 05:06:46.032434','0'),
('1126374','72206','281068','se achar te passo','2013-03-19 05:06:46.057888','2013-03-19 05:06:46.057888','0'),
('1126379','72206','280894','ba noie','2013-03-19 05:07:46.450449','2013-03-19 05:07:46.450449','0'),
('1126380','72207','280894','ba noie','2013-03-19 05:07:46.467409','2013-03-19 05:07:46.467409','0'),
('1126887','78039','281068','já achei','2013-03-19 17:13:46.33225','2013-03-19 17:13:46.33225','0'),
('1126888','78040','281068','já achei','2013-03-19 17:13:46.373551','2013-03-19 17:13:46.373551','0'),
('1126889','78039','281068','os relatórios','2013-03-19 17:13:51.007688','2013-03-19 17:13:51.007688','0'),
('1126890','78040','281068','os relatórios','2013-03-19 17:13:51.035836','2013-03-19 17:13:51.035836','0'),
('1126893','78039','281068','vc aparece','2013-03-19 17:13:59.755462','2013-03-19 17:13:59.755462','0'),
('1126894','78040','281068','vc aparece','2013-03-19 17:13:59.782332','2013-03-19 17:13:59.782332','0'),
('1126891','78039','281068','que eu preciso','2013-03-19 17:13:56.114507','2013-03-19 17:13:56.114507','0'),
('1126892','78040','281068','que eu preciso','2013-03-19 17:13:56.139416','2013-03-19 17:13:56.139416','0'),
('1126899','78039','281068','do que vem ainda','2013-03-19 17:14:10.615316','2013-03-19 17:14:10.615316','0'),
('1126900','78040','281068','do que vem ainda','2013-03-19 17:14:10.646447','2013-03-19 17:14:10.646447','0'),
('1126905','78040','281067','não preciso mexer?','2013-03-19 17:15:22.254523','2013-03-19 17:15:22.254523','0'),
('1126906','78039','281067','não preciso mexer?','2013-03-19 17:15:22.273581','2013-03-19 17:15:22.273581','0'),
('1126895','78040','281067','oi?','2013-03-19 17:14:05.278496','2013-03-19 17:14:05.278496','0'),
('1126896','78039','281067','oi?','2013-03-19 17:14:05.307402','2013-03-19 17:14:05.307402','0'),
('1126901','78040','281067','então eu documentei, mas não ta parecendo no planejamento já','2013-03-19 17:14:23.707551','2013-03-19 17:14:23.707551','0'),
('1126902','78039','281067','então eu documentei, mas não ta parecendo no planejamento já','2013-03-19 17:14:23.815805','2013-03-19 17:14:23.815805','0'),
('1126885','78040','281067','juuuuuuuuuu, vai em linha do tempo e filtra pelo meu nome fazendo o favpr','2013-03-19 17:12:20.127432','2013-03-19 17:12:20.127432','0'),
('1126886','78039','281067','juuuuuuuuuu, vai em linha do tempo e filtra pelo meu nome fazendo o favpr','2013-03-19 17:12:20.14689','2013-03-19 17:12:20.14689','0'),
('1126897','78039','281068','o GANT é planejamento','2013-03-19 17:14:06.275146','2013-03-19 17:14:06.275146','0'),
('1126898','78040','281068','o GANT é planejamento','2013-03-19 17:14:06.304336','2013-03-19 17:14:06.304336','0'),
('1126903','78040','281067','e dai vai ficar sem nada lá?','2013-03-19 17:15:17.660726','2013-03-19 17:15:17.660726','0'),
('1126904','78039','281067','e dai vai ficar sem nada lá?','2013-03-19 17:15:17.66988','2013-03-19 17:15:17.66988','0'),
('973559','71712','280894','JA ATUALIZEI O WORD DOS FUNCIONAIS NAO FUNCIONAIS','2012-11-26 21:31:45.304484','2012-11-26 21:31:45.304484','0'),
('973560','71711','280894','JA ATUALIZEI O WORD DOS FUNCIONAIS NAO FUNCIONAIS','2012-11-26 21:31:45.353668','2012-11-26 21:31:45.353668','0'),
('973561','71712','280894','PODE FECHAR O ARQUIVO','2012-11-26 21:31:49.68782','2012-11-26 21:31:49.68782','0'),
('973562','71711','280894','PODE FECHAR O ARQUIVO','2012-11-26 21:31:49.700907','2012-11-26 21:31:49.700907','0'),
('982623','72207','281068',':p','2012-12-02 01:34:35.307929','2012-12-02 01:34:35.307929','0'),
('982624','72206','281068',':p','2012-12-02 01:34:35.331122','2012-12-02 01:34:35.331122','0'),
('982471','72207','281068','to aki','2012-12-01 23:25:18.94381','2012-12-01 23:25:18.94381','0'),
('982472','72206','281068','to aki','2012-12-01 23:25:18.962043','2012-12-01 23:25:18.962043','0'),
('982597','72207','281068','desculpa','2012-12-02 01:31:57.657354','2012-12-02 01:31:57.657354','0'),
('982598','72206','281068','desculpa','2012-12-02 01:31:57.688525','2012-12-02 01:31:57.688525','0'),
('982605','72207','281068','atualizar vc diz neh','2012-12-02 01:32:32.137765','2012-12-02 01:32:32.137765','0'),
('982606','72206','281068','atualizar vc diz neh','2012-12-02 01:32:32.168532','2012-12-02 01:32:32.168532','0'),
('982613','72206','280894','nao filhote','2012-12-02 01:33:54.041156','2012-12-02 01:33:54.041156','0'),
('982614','72207','280894','nao filhote','2012-12-02 01:33:54.07183','2012-12-02 01:33:54.07183','0'),
('982657','72207','281068','brigaduuuu','2012-12-02 01:54:44.167596','2012-12-02 01:54:44.167596','0'),
('982469','72207','281068','oi!','2012-12-01 23:25:15.912602','2012-12-01 23:25:15.912602','0'),
('982470','72206','281068','oi!','2012-12-01 23:25:15.930407','2012-12-01 23:25:15.930407','0'),
('982539','72207','281068','main','2012-12-02 01:14:07.950788','2012-12-02 01:14:07.950788','0'),
('982540','72206','281068','main','2012-12-02 01:14:07.980164','2012-12-02 01:14:07.980164','0'),
('982559','72206','280894','entao q vc vai ter que fazer?','2012-12-02 01:29:38.227422','2012-12-02 01:29:38.227422','0'),
('982560','72207','280894','entao q vc vai ter que fazer?','2012-12-02 01:29:38.257881','2012-12-02 01:29:38.257881','0'),
('982591','72206','280894','trunk*','2012-12-02 01:31:40.879253','2012-12-02 01:31:40.879253','0'),
('982592','72207','280894','trunk*','2012-12-02 01:31:40.951872','2012-12-02 01:31:40.951872','0'),
('982627','72207','281068','kkkkkkk','2012-12-02 01:34:44.468036','2012-12-02 01:34:44.468036','0'),
('982628','72206','281068','kkkkkkk','2012-12-02 01:34:44.496779','2012-12-02 01:34:44.496779','0'),
('982671','72207','281068','kkkk','2012-12-02 02:40:30.677367','2012-12-02 02:40:30.677367','0'),
('982672','72206','281068','kkkk','2012-12-02 02:40:30.693066','2012-12-02 02:40:30.693066','0'),
('982673','72207','281068','Elias','2012-12-02 03:07:40.429982','2012-12-02 03:07:40.429982','0'),
('982674','72206','281068','Elias','2012-12-02 03:07:40.446956','2012-12-02 03:07:40.446956','0'),
('982555','72206','280894','se vc pegar uma pagina .html pra visualizar vai ver que tem coisas que esta usando essa main','2012-12-02 01:29:18.726361','2012-12-02 01:29:18.726361','0'),
('982556','72207','280894','se vc pegar uma pagina .html pra visualizar vai ver que tem coisas que esta usando essa main','2012-12-02 01:29:18.756908','2012-12-02 01:29:18.756908','0'),
('982577','72207','281068','ok','2012-12-02 01:31:00.770358','2012-12-02 01:31:00.770358','0'),
('982578','72206','281068','ok','2012-12-02 01:31:00.801067','2012-12-02 01:31:00.801067','0'),
('982587','72207','281068','onde ela tah?','2012-12-02 01:31:16.108452','2012-12-02 01:31:16.108452','0'),
('982588','72206','281068','onde ela tah?','2012-12-02 01:31:16.138677','2012-12-02 01:31:16.138677','0'),
('982617','72206','280894','só tô usando o Dreamweaver','2012-12-02 01:34:12.667234','2012-12-02 01:34:12.667234','0'),
('982618','72207','280894','só tô usando o Dreamweaver','2012-12-02 01:34:12.690684','2012-12-02 01:34:12.690684','0'),
('982621','72207','281068','o rapid tem pra windows','2012-12-02 01:34:33.335459','2012-12-02 01:34:33.335459','0'),
('982622','72206','281068','o rapid tem pra windows','2012-12-02 01:34:33.4243','2012-12-02 01:34:33.4243','0'),
('982641','72207','281068','nem posso fla nda','2012-12-02 01:35:21.296493','2012-12-02 01:35:21.296493','0'),
('982642','72206','281068','nem posso fla nda','2012-12-02 01:35:21.319869','2012-12-02 01:35:21.319869','0'),
('982655','72206','280894','e ae como ta?','2012-12-02 01:54:40.135379','2012-12-02 01:54:40.135379','0'),
('982656','72207','280894','e ae como ta?','2012-12-02 01:54:40.172499','2012-12-02 01:54:40.172499','0'),
('982661','72207','281068','to induuu','2012-12-02 02:39:59.25213','2012-12-02 02:39:59.25213','0'),
('982662','72206','281068','to induuu','2012-12-02 02:39:59.267566','2012-12-02 02:39:59.267566','0'),
('982675','72207','281068','to induuu dormi','2012-12-02 03:07:45.218985','2012-12-02 03:07:45.218985','0'),
('982676','72206','281068','to induuu dormi','2012-12-02 03:07:45.234802','2012-12-02 03:07:45.234802','0'),
('982686','72207','281068','se tiver me avise aki','2012-12-02 03:09:06.882506','2012-12-02 03:09:06.882506','0'),
('982688','72206','281068','se tiver me avise aki','2012-12-02 03:09:06.978035','2012-12-02 03:09:06.978035','0'),
('982473','72207','281068','quando entrar me avisa','2012-12-01 23:25:25.298412','2012-12-01 23:25:25.298412','0'),
('982474','72206','281068','quando entrar me avisa','2012-12-01 23:25:25.315433','2012-12-01 23:25:25.315433','0'),
('982541','72207','281068','é que é pra colocr o texto','2012-12-02 01:20:06.600221','2012-12-02 01:20:06.600221','0'),
('982542','72206','281068','é que é pra colocr o texto','2012-12-02 01:20:06.636787','2012-12-02 01:20:06.636787','0'),
('982547','72206','280894','aquele main eh a folha de estilo','2012-12-02 01:28:47.100494','2012-12-02 01:28:47.100494','0'),
('982548','72207','280894','aquele main eh a folha de estilo','2012-12-02 01:28:47.123842','2012-12-02 01:28:47.123842','0'),
('982553','72207','281068','eu não entendo nda de web','2012-12-02 01:29:17.526125','2012-12-02 01:29:17.526125','0'),
('982554','72206','281068','eu não entendo nda de web','2012-12-02 01:29:17.549474','2012-12-02 01:29:17.549474','0'),
('982569','72207','281068','eu vou fazer um html que usará esta página como estilo','2012-12-02 01:30:43.409102','2012-12-02 01:30:43.409102','0'),
('982570','72206','281068','eu vou fazer um html que usará esta página como estilo','2012-12-02 01:30:43.431501','2012-12-02 01:30:43.431501','0'),
('982585','72206','280894','vc só vai mexer nela','2012-12-02 01:31:15.616126','2012-12-02 01:31:15.616126','0'),
('982586','72207','280894','vc só vai mexer nela','2012-12-02 01:31:15.647486','2012-12-02 01:31:15.647486','0'),
('982603','72207','281068','eu dei agora pouco','2012-12-02 01:32:14.668571','2012-12-02 01:32:14.668571','0'),
('982604','72206','281068','eu dei agora pouco','2012-12-02 01:32:14.699422','2012-12-02 01:32:14.699422','0'),
('982609','72207','281068','e como vamos fazer com o toortoise?','2012-12-02 01:32:43.212213','2012-12-02 01:32:43.212213','0'),
('982610','72206','281068','e como vamos fazer com o toortoise?','2012-12-02 01:32:43.243129','2012-12-02 01:32:43.243129','0'),
('982629','72207','281068','tah mas resolveu?','2012-12-02 01:34:49.604969','2012-12-02 01:34:49.604969','0'),
('982630','72206','281068','tah mas resolveu?','2012-12-02 01:34:49.635098','2012-12-02 01:34:49.635098','0'),
('982651','72207','281068','vo faze então','2012-12-02 01:54:38.05487','2012-12-02 01:54:38.05487','0'),
('982652','72206','281068','vo faze então','2012-12-02 01:54:38.082148','2012-12-02 01:54:38.082148','0'),
('982683','72207','281068','tem alguma coisa de IHC pra fazer?','2012-12-02 03:08:57.536345','2012-12-02 03:08:57.536345','0'),
('982684','72206','281068','tem alguma coisa de IHC pra fazer?','2012-12-02 03:08:57.55177','2012-12-02 03:08:57.55177','0'),
('982691','72206','280894','eu tbm nao sei se tem ou nao','2012-12-02 03:09:29.656216','2012-12-02 03:09:29.656216','0'),
('982692','72207','280894','eu tbm nao sei se tem ou nao','2012-12-02 03:09:29.712047','2012-12-02 03:09:29.712047','0'),
('982563','72206','280894','de código?? NADA','2012-12-02 01:29:47.170227','2012-12-02 01:29:47.170227','0'),
('982564','72207','280894','de código?? NADA','2012-12-02 01:29:47.200749','2012-12-02 01:29:47.200749','0'),
('982581','72206','280894','q eu ja deixei pronto','2012-12-02 01:31:07.072684','2012-12-02 01:31:07.072684','0'),
('982582','72207','280894','q eu ja deixei pronto','2012-12-02 01:31:07.087733','2012-12-02 01:31:07.087733','0'),
('982595','72207','281068','kkkk','2012-12-02 01:31:55.500355','2012-12-02 01:31:55.500355','0'),
('982596','72206','281068','kkkk','2012-12-02 01:31:55.523638','2012-12-02 01:31:55.523638','0'),
('982619','72206','280894','senao o trabalho nao termina nunca','2012-12-02 01:34:18.404626','2012-12-02 01:34:18.404626','0'),
('982620','72207','280894','senao o trabalho nao termina nunca','2012-12-02 01:34:18.427957','2012-12-02 01:34:18.427957','0'),
('982575','72206','280894','eeh','2012-12-02 01:30:55.69981','2012-12-02 01:30:55.69981','0'),
('982576','72207','280894','eeh','2012-12-02 01:30:55.73023','2012-12-02 01:30:55.73023','0'),
('982637','72207','281068','brincadeira','2012-12-02 01:35:02.911277','2012-12-02 01:35:02.911277','0'),
('982638','72206','281068','brincadeira','2012-12-02 01:35:02.932837','2012-12-02 01:35:02.932837','0'),
('982639','72207','281068','se tah fazendo com a maior dedicação nosso portal','2012-12-02 01:35:17.400054','2012-12-02 01:35:17.400054','0'),
('982640','72206','281068','se tah fazendo com a maior dedicação nosso portal','2012-12-02 01:35:17.431553','2012-12-02 01:35:17.431553','0'),
('982663','72207','281068','e vc?','2012-12-02 02:40:01.974674','2012-12-02 02:40:01.974674','0'),
('982664','72206','281068','e vc?','2012-12-02 02:40:01.990586','2012-12-02 02:40:01.990586','0'),
('982677','72207','281068','tem baratas a noite','2012-12-02 03:07:50.73958','2012-12-02 03:07:50.73958','0'),
('982678','72206','281068','tem baratas a noite','2012-12-02 03:07:50.788933','2012-12-02 03:07:50.788933','0'),
('982533','72206','280894','to aqui','2012-12-02 00:47:44.014223','2012-12-02 00:47:44.014223','0'),
('982534','72207','280894','to aqui','2012-12-02 00:47:44.045898','2012-12-02 00:47:44.045898','0'),
('982561','72207','281068','chamo ela com uma página html','2012-12-02 01:29:45.605019','2012-12-02 01:29:45.605019','0'),
('982562','72206','281068','chamo ela com uma página html','2012-12-02 01:29:45.635465','2012-12-02 01:29:45.635465','0'),
('982567','72206','280894','o que é o fonte-face','2012-12-02 01:30:28.095901','2012-12-02 01:30:28.095901','0'),
('982568','72207','280894','o que é o fonte-face','2012-12-02 01:30:28.125695','2012-12-02 01:30:28.125695','0'),
('982579','72206','280894','soh que usa a pagina sua mesmo','2012-12-02 01:31:00.920445','2012-12-02 01:31:00.920445','0'),
('982580','72207','280894','soh que usa a pagina sua mesmo','2012-12-02 01:31:00.950904','2012-12-02 01:31:00.950904','0'),
('982593','72207','281068','achei','2012-12-02 01:31:54.077591','2012-12-02 01:31:54.077591','0'),
('982594','72206','281068','achei','2012-12-02 01:31:54.108125','2012-12-02 01:31:54.108125','0'),
('982611','72207','281068','num é mais fáci vc usar o rapid?','2012-12-02 01:33:43.705738','2012-12-02 01:33:43.705738','0'),
('982612','72206','281068','num é mais fáci vc usar o rapid?','2012-12-02 01:33:43.729285','2012-12-02 01:33:43.729285','0'),
('982631','72206','280894','nao vem botando essas coisas na minha <head> nao','2012-12-02 01:34:53.201123','2012-12-02 01:34:53.201123','0'),
('982632','72207','280894','nao vem botando essas coisas na minha <head> nao','2012-12-02 01:34:53.231886','2012-12-02 01:34:53.231886','0'),
('982659','72206','280894','com anda ju?','2012-12-02 02:39:42.633949','2012-12-02 02:39:42.633949','0'),
('982660','72207','280894','com anda ju?','2012-12-02 02:39:42.647609','2012-12-02 02:39:42.647609','0'),
('982667','72207','281068','to aprendedno CSS e escrevendo','2012-12-02 02:40:22.125549','2012-12-02 02:40:22.125549','0'),
('982668','72206','281068','to aprendedno CSS e escrevendo','2012-12-02 02:40:22.141397','2012-12-02 02:40:22.141397','0'),
('982679','72207','281068','se eu ver saio gritando e minha mãe fik p... da vida comigo','2012-12-02 03:08:09.03364','2012-12-02 03:08:09.03364','0'),
('982680','72206','281068','se eu ver saio gritando e minha mãe fik p... da vida comigo','2012-12-02 03:08:09.049418','2012-12-02 03:08:09.049418','0'),
('982535','72207','281068','oww','2012-12-02 01:13:52.656763','2012-12-02 01:13:52.656763','0'),
('982536','72206','281068','oww','2012-12-02 01:13:52.68598','2012-12-02 01:13:52.68598','0'),
('982537','72207','281068','naquele arquivo msin','2012-12-02 01:14:04.245438','2012-12-02 01:14:04.245438','0'),
('982538','72206','281068','naquele arquivo msin','2012-12-02 01:14:04.274804','2012-12-02 01:14:04.274804','0'),
('982543','72207','281068','eu não consigo viasualizar ele no navegador','2012-12-02 01:20:18.670215','2012-12-02 01:20:18.670215','0'),
('982544','72206','281068','eu não consigo viasualizar ele no navegador','2012-12-02 01:20:18.693693','2012-12-02 01:20:18.693693','0'),
('982545','72206','280894','entao Ju','2012-12-02 01:28:34.696311','2012-12-02 01:28:34.696311','0'),
('982546','72207','280894','entao Ju','2012-12-02 01:28:34.715383','2012-12-02 01:28:34.715383','0'),
('982551','72207','281068','tah','2012-12-02 01:29:09.574445','2012-12-02 01:29:09.574445','0'),
('982552','72206','281068','tah','2012-12-02 01:29:09.605358','2012-12-02 01:29:09.605358','0'),
('982557','72207','281068','tah','2012-12-02 01:29:37.394772','2012-12-02 01:29:37.394772','0'),
('982558','72206','281068','tah','2012-12-02 01:29:37.42519','2012-12-02 01:29:37.42519','0'),
('982571','72207','281068','explicando o que tem nela','2012-12-02 01:30:50.994009','2012-12-02 01:30:50.994009','0'),
('982572','72206','281068','explicando o que tem nela','2012-12-02 01:30:51.007806','2012-12-02 01:30:51.007806','0'),
('982573','72207','281068','é isso?','2012-12-02 01:30:53.866667','2012-12-02 01:30:53.866667','0'),
('982574','72206','281068','é isso?','2012-12-02 01:30:53.881608','2012-12-02 01:30:53.881608','0'),
('982615','72206','280894','nao posso usar pq eu to no windows neh','2012-12-02 01:34:04.249208','2012-12-02 01:34:04.249208','0'),
('982616','72207','280894','nao posso usar pq eu to no windows neh','2012-12-02 01:34:04.272433','2012-12-02 01:34:04.272433','0'),
('982625','72206','280894','aaah ju','2012-12-02 01:34:41.046094','2012-12-02 01:34:41.046094','0'),
('982626','72207','280894','aaah ju','2012-12-02 01:34:41.076679','2012-12-02 01:34:41.076679','0'),
('982635','72207','281068','kkkkkkkk','2012-12-02 01:35:00.047166','2012-12-02 01:35:00.047166','0'),
('982636','72206','281068','kkkkkkkk','2012-12-02 01:35:00.077825','2012-12-02 01:35:00.077825','0'),
('982643','72207','281068','é que sou chata msm','2012-12-02 01:35:27.025159','2012-12-02 01:35:27.025159','0'),
('982644','72206','281068','é que sou chata msm','2012-12-02 01:35:27.048447','2012-12-02 01:35:27.048447','0'),
('982645','72207','281068','huhuhu','2012-12-02 01:35:29.015423','2012-12-02 01:35:29.015423','0'),
('982646','72206','281068','huhuhu','2012-12-02 01:35:29.038466','2012-12-02 01:35:29.038466','0'),
('982649','72207','281068','kkkk','2012-12-02 01:54:30.282641','2012-12-02 01:54:30.282641','0'),
('982650','72206','281068','kkkk','2012-12-02 01:54:30.326008','2012-12-02 01:54:30.326008','0'),
('982665','72207','281068','rsrrsrsr','2012-12-02 02:40:04.298697','2012-12-02 02:40:04.298697','0'),
('982666','72206','281068','rsrrsrsr','2012-12-02 02:40:04.31382','2012-12-02 02:40:04.31382','0'),
('982685','72207','281068','rsrsrsrs','2012-12-02 03:09:06.857046','2012-12-02 03:09:06.857046','0'),
('982687','72206','281068','rsrsrsrs','2012-12-02 03:09:06.930292','2012-12-02 03:09:06.930292','0'),
('982695','72207','281068','no moodle num tem nda','2012-12-02 03:09:39.788214','2012-12-02 03:09:39.788214','0'),
('982696','72206','281068','no moodle num tem nda','2012-12-02 03:09:39.854568','2012-12-02 03:09:39.854568','0'),
('982697','72207','281068','flow','2012-12-02 03:10:45.552192','2012-12-02 03:10:45.552192','0'),
('982698','72206','281068','flow','2012-12-02 03:10:45.608496','2012-12-02 03:10:45.608496','0'),
('982531','72206','280894','o fia','2012-12-02 00:47:41.893457','2012-12-02 00:47:41.893457','0'),
('982532','72207','280894','o fia','2012-12-02 00:47:41.92243','2012-12-02 00:47:41.92243','0'),
('982565','72206','280894','vc vai apenas estudar tipo','2012-12-02 01:29:53.63899','2012-12-02 01:29:53.63899','0'),
('982566','72207','280894','vc vai apenas estudar tipo','2012-12-02 01:29:53.6622','2012-12-02 01:29:53.6622','0'),
('982583','72206','280894','eh a css.html','2012-12-02 01:31:10.453624','2012-12-02 01:31:10.453624','0'),
('982584','72207','280894','eh a css.html','2012-12-02 01:31:10.485151','2012-12-02 01:31:10.485151','0'),
('982589','72206','280894','tá na pasta trun do projeto ','2012-12-02 01:31:33.177731','2012-12-02 01:31:33.177731','0'),
('982590','72207','280894','tá na pasta trun do projeto ','2012-12-02 01:31:33.208164','2012-12-02 01:31:33.208164','0'),
('982601','72207','281068','eh que não encontrei o e-mail','2012-12-02 01:32:04.777785','2012-12-02 01:32:04.777785','0'),
('982602','72206','281068','eh que não encontrei o e-mail','2012-12-02 01:32:04.808225','2012-12-02 01:32:04.808225','0'),
('982681','72207','281068','assim que eu terminar commito minha parte','2012-12-02 03:08:40.258121','2012-12-02 03:08:40.258121','0'),
('982682','72206','281068','assim que eu terminar commito minha parte','2012-12-02 03:08:40.273883','2012-12-02 03:08:40.273883','0'),
('982599','72206','280894','primeiro dá um update aí q eu e a Ge alterando algumas coisinhas','2012-12-02 01:32:03.395316','2012-12-02 01:32:03.395316','0'),
('982600','72207','280894','primeiro dá um update aí q eu e a Ge alterando algumas coisinhas','2012-12-02 01:32:03.42584','2012-12-02 01:32:03.42584','0'),
('982607','72207','281068','rsrsrs','2012-12-02 01:32:33.519598','2012-12-02 01:32:33.519598','0'),
('982608','72206','281068','rsrsrs','2012-12-02 01:32:33.542824','2012-12-02 01:32:33.542824','0'),
('982647','72206','280894','ahah','2012-12-02 01:49:34.639656','2012-12-02 01:49:34.639656','0'),
('982648','72207','280894','ahah','2012-12-02 01:49:34.681808','2012-12-02 01:49:34.681808','0'),
('982689','72206','280894','ta bom','2012-12-02 03:09:22.518996','2012-12-02 03:09:22.518996','0'),
('982690','72207','280894','ta bom','2012-12-02 03:09:22.528163','2012-12-02 03:09:22.528163','0'),
('982699','72206','280894','blzz','2012-12-02 03:13:57.858103','2012-12-02 03:13:57.858103','0'),
('982700','72207','280894','blzz','2012-12-02 03:13:57.885995','2012-12-02 03:13:57.885995','0'),
('982633','72206','280894','haushausa','2012-12-02 01:34:55.166802','2012-12-02 01:34:55.166802','0'),
('982634','72207','280894','haushausa','2012-12-02 01:34:55.190133','2012-12-02 01:34:55.190133','0'),
('982653','72207','281068','flow','2012-12-02 01:54:40.103393','2012-12-02 01:54:40.103393','0'),
('982654','72206','281068','flow','2012-12-02 01:54:40.135','2012-12-02 01:54:40.135','0'),
('982669','72207','281068','por isso tah indo devagar','2012-12-02 02:40:29.328399','2012-12-02 02:40:29.328399','0'),
('982670','72206','281068','por isso tah indo devagar','2012-12-02 02:40:29.343978','2012-12-02 02:40:29.343978','0'),
('982658','72206','281068','brigaduuuu','2012-12-02 01:54:44.193972','2012-12-02 01:54:44.193972','0'),
('982693','72206','280894','haha','2012-12-02 03:09:30.336843','2012-12-02 03:09:30.336843','0'),
('982694','72207','280894','haha','2012-12-02 03:09:30.352652','2012-12-02 03:09:30.352652','0'),
('984831','72207','281068','oi','2012-12-03 18:21:34.577793','2012-12-03 18:21:34.577793','0'),
('984832','72206','281068','oi','2012-12-03 18:21:34.617077','2012-12-03 18:21:34.617077','0');

###################
# Dumping table chats
###################

INSERT INTO `chats` VALUES ('71711','280894','281066','0','1','973562','2012-11-21 00:26:32.015283','2012-11-27 23:19:32.041665'),
('71715','280894','281067','-1','2','962130','2012-11-21 00:29:28.772885','2012-11-21 01:56:15.625937'),
('72207','280894','281068','-1','3','1126380','2012-12-01 23:25:15.877473','2013-03-19 05:14:05.431575'),
('71713','281067','280894','-1','1','962129','2012-11-21 00:29:19.91686','2012-11-28 22:15:05.254615'),
('71714','281067','281066','-1','2','962115','2012-11-21 00:29:23.351641','2012-11-21 12:59:30.809655'),
('78039','281067','281068','-1','3','1126906','2013-03-19 17:11:57.391055','2013-03-19 17:24:37.892139'),
('72206','281068','280894','-1','1','1126379','2012-12-01 23:25:12.305749','2013-03-19 23:12:31.980856'),
('78040','281068','281067','-1','2','1126905','2013-03-19 17:12:20.093456','2013-03-19 23:12:30.783416'),
('71712','281066','280894','-1','1','973561','2012-11-21 00:26:35.057088','2012-12-04 22:01:52.302089'),
('71716','281066','281067','-1','2','962116','2012-11-21 00:29:33.587583','2012-11-21 00:31:55.666624');

###################
# Dumping table companies
###################

INSERT INTO `companies` VALUES ('123648','LiricusBiblio','eliasdemoraes@live.com','Elias Fernandes','2012-11-20 01:23:01.697031','2013-04-14 18:30:18.416491','liricusbiblio','1','1','1','1','0','2013-04-14 18:30:18.385735');

###################
# Dumping table users
###################

INSERT INTO `users` VALUES ('280894','Elias Fernandes','eliasdimorais','','123648','2012-11-20 01:23:01.76102','2013-04-14 18:30:51.57134','eliasdemoraes@live.com','2013-04-14 18:11:33.696016','1','America/Argentina/Buenos_Aires','1','1','1','135','0','2013-04-14 18:30:46.120613','2013-04-14 18:30:46.120715','169518',NULL,'%d/%m/%Y','%H:%M','1','1','c3e5bc4797ce693fbd0af292ea23bd9e','1','pt_BR','0','480','0','1','1','e553455ac6df1326c36811baa56a6f51',NULL,'1','5','1','1','1','$2a$10$DgJ85aQ/825aRPf9pWIX0.x6gKxf4jrUCloH1UrCZALbzw/GeBHaW'),
('281067','Geovana Veloso','geovanaveloso','','123648','2012-11-21 00:23:58.510552','2013-04-13 22:31:20.767126','geovana_lim@hotmail.com','2013-04-13 20:57:15.204535','1','America/Sao_Paulo','1','1','1','0','0','2013-04-13 22:31:20.762891','2013-04-13 22:31:20.762995','0',NULL,'%d/%m/%Y','%H:%M','1','1','a7e7963557d8a21aecfd908499b609cf','1','pt_BR','0','480','0','1','1','a752b531605943f67b483a5fe3851142',NULL,'1','5','1','1','1','$2a$10$V01G8SS0Nz1NbnK3tL2z1uBDNJyrkMTmEw4mzCUyggclDGO4S2ExG'),
('281068','Juliana Costa Silva','julianacsilva','','123648','2012-11-21 00:25:30.097576','2013-04-14 18:30:36.70943','jujucostasilva@hotmail.com','2013-04-14 16:40:05.117312','1','America/Sao_Paulo','1','1','1','135','470146','2013-04-14 18:30:36.705404','2013-04-14 18:30:36.705504','0',NULL,'%d/%m/%Y','%H:%M','1','1','7a7cd8e3128f2f4243e6d51f4a20c911','1','pt_BR','0','480','0','1','1','2e1a8a3c7612788b8a3ea8b65b86e609',NULL,'1','5','1','1','1','$2a$10$rb0mTMt9rYCDObT91GXtq.SQXilGTt/ixPDsisGAYV26nH7DFIicy'),
('281066','Maikon Marin','maikon','','123648','2012-11-21 00:22:26.430753','2013-04-14 18:30:18.388116','maikon_marin@hotmail.com','2013-04-14 18:30:18.384802','1','America/Sao_Paulo','1','1','1','0','0','2013-04-14 18:30:18.386144','2013-04-14 18:30:18.386168','0',NULL,'%d/%m/%Y','%H:%M','1','1','2f1004ada54d1c42afdab39bd6219994','1','pt_BR','0','480','0','1','1','fa1939a56a0434b533f9d9f2ec49d1df',NULL,'1','5','1','1','1','$2a$10$C4YtI4kvSFHDnMD8vc/lJOGt4mPd3mURBgIOKJ/QzuDVJNd.z4z3m');

###################
# Dumping table customers
###################

INSERT INTO `customers` VALUES ('254653','123648','Ignus Games','ignusentertainment@gmail.com','Paschoal','2013-02-07 19:32:58.421223','2013-02-07 19:32:58.421223','',NULL),
('244447','123648','LiricusBiblio',NULL,NULL,'2012-11-20 01:23:01.742076','2012-11-20 01:23:01.742076',NULL,NULL);

###################
# Dumping table deleted_emails
###################

###################
# Dumping table dependencies
###################

INSERT INTO `dependencies` VALUES ('3081372','3081365'),
('3049164','3049166'),
('3081379','3081376'),
('3081328','3081303'),
('3081365','3081338'),
('3081376','3081373'),
('3081382','3081379'),
('3378331','3081318'),
('3081318','3081303'),
('3081254','3081234'),
('3325936','3081379'),
('3328223','3081379'),
('3081338','3081332'),
('3049164','3049170'),
('3081332','3081328'),
('3081385','3081382'),
('3312585','3081379'),
('3312586','3081379'),
('3332770','3081373'),
('3300350','3081328'),
('3081287','3081254');

###################
# Dumping table emails
###################

INSERT INTO `emails` VALUES ('139991','jujucostasilva.analise@gmail.com','task-40@liricusbiblio.clockingit.com','Re: Criado: [#40] Implementação - Métodos de Pesquisa [Análise de Requisitos] (Maikon Marin, Geovana Veloso, Juliana Costa Silva)','Acredito que seja útil.

http://javasemcafe.blogspot.com.br/2011/05/jsf-20-componentes-primefaces-221-parte.html


Em 26 de março de 2013 15:06, <task-40@liricusbiblio.clockingit.com>escreveu:

> [#40] Implementação - Métodos de Pesquisa
> --------------------------------------------
>
>   Client:       LiricusBiblio
>   Project:      Análise de Requisitos
>   Task Type:    Task
>   Severity:     Normal
>   Priority:     Normal
>   Assigned To:  Maikon Marin, Geovana Veloso, Juliana Costa Silva
>   Requested By: Elias Fernandes
>   Created By:   Elias Fernandes
>
> Description:
> Pessoal,
> vamos fazer uma força tarefa para pesquisar como faz para carregar uma
> pesquisa dentro de uma dataGrid (em PrimeFaces) . Quem já souber, dá um
> toque;
> --
> Message automatically generated by ClockingIT
> http://liricusbiblio.clockingit.com/tasks/view/40
>
>


-- 
*Juliana C. Silva*

','123648',NULL,'2013-03-27 00:18:30.670142','2013-03-27 00:18:30.670142');

###################
# Dumping table event_logs
###################

INSERT INTO `event_logs` VALUES ('16266894','123648','474312','281066','7','WorkLog','15130160',NULL,NULL,'2013-04-14 18:30:00','2013-04-14 18:30:50.91609',NULL),
('16266846','123648','474312','280894','7','WorkLog','15130115',NULL,NULL,'2013-04-14 18:12:00','2013-04-14 18:12:32.217332',NULL),
('16266844','123648','474312','280894','2','WorkLog','15130113',NULL,NULL,'2013-04-14 18:11:58.419584','2013-04-14 18:11:58.427761',NULL),
('16266689','123648','474312','281068','7','WorkLog','15129962',NULL,NULL,'2013-04-14 17:20:00','2013-04-14 17:20:41.671259',NULL),
('16266686','123648','474312','281068','2','WorkLog','15129960',NULL,NULL,'2013-04-14 17:19:21.608924','2013-04-14 17:19:21.616902',NULL),
('16266685','123648','474312','281068','5','WorkLog','15129959',NULL,NULL,'2013-04-14 17:19:02.803749','2013-04-14 17:19:02.812244',NULL),
('16266691','123648','474312','281068','7','WorkLog','15129964',NULL,NULL,'2013-04-14 14:21:24.507998','2013-04-14 17:21:24.515815',NULL),
('16265267','123648','474307','280894','7','WorkLog','15128670',NULL,NULL,'2013-04-14 00:14:00','2013-04-14 00:14:58.50925',NULL),
('16265264','123648','474307','280894','7','WorkLog','15128667',NULL,NULL,'2013-04-14 00:12:00','2013-04-14 00:12:48.49648',NULL),
('16265254','123648','474307','280894','1','WorkLog','15128657',NULL,NULL,'2013-04-14 00:10:18.235596','2013-04-14 00:10:18.243407',NULL),
('16265241','123648','474312','281066','7','WorkLog','15128646',NULL,NULL,'2013-04-14 00:07:00','2013-04-14 00:07:14.737646',NULL),
('16265084','123648','474312','281067','2','WorkLog','15128516',NULL,NULL,'2013-04-13 22:31:39.943553','2013-04-13 22:31:39.992295',NULL),
('16265262','123648','474312','281066','7','WorkLog','15128665',NULL,NULL,'2013-04-13 21:12:11.338785','2013-04-14 00:12:11.347652',NULL),
('16265083','123648','474312','281067','2','WorkLog','15128515',NULL,NULL,'2013-04-13 21:08:57.417263','2013-04-13 22:31:20.864845',NULL),
('16264988','123648','474307','281067','7','WorkLog','15128426',NULL,NULL,'2013-04-13 20:58:00','2013-04-13 20:58:37.000091',NULL),
('16266693','123648','474312','281068','7','WorkLog','15129966',NULL,NULL,'2013-04-13 17:21:00','2013-04-14 17:22:07.886333',NULL),
('16262861','123648','474307','281068','2','WorkLog','15126562',NULL,NULL,'2013-04-13 04:37:20.030217','2013-04-13 04:37:20.038173',NULL),
('16262860','123648','474312','281068','5','WorkLog','15126561',NULL,NULL,'2013-04-13 04:36:41.891788','2013-04-13 04:36:41.900125',NULL),
('16262859','123648','474312','281068','5','WorkLog','15126560',NULL,NULL,'2013-04-13 04:36:18.663962','2013-04-13 04:36:18.668396',NULL),
('16262857','123648','474312','281068','5','WorkLog','15126558',NULL,NULL,'2013-04-13 04:36:05.597037','2013-04-13 04:36:05.605167',NULL),
('16262856','123648','474312','281068','5','WorkLog','15126557',NULL,NULL,'2013-04-13 04:34:32.771899','2013-04-13 04:34:32.780407',NULL),
('16262850','123648','474312','281068','5','WorkLog','15126551',NULL,NULL,'2013-04-13 04:32:32.895518','2013-04-13 04:32:32.903916',NULL),
('16262871','123648','474312','281068','7','WorkLog','15126568',NULL,NULL,'2013-04-13 04:30:37.673537','2013-04-13 04:44:10.618825',NULL),
('16262835','123648','474307','281068','5','WorkLog','15126537',NULL,NULL,'2013-04-13 04:26:47.998521','2013-04-13 04:26:48.0069',NULL),
('16262834','123648','474307','281068','5','WorkLog','15126536',NULL,NULL,'2013-04-13 04:26:14.173657','2013-04-13 04:26:14.182032',NULL),
('16262832','123648','474307','281068','5','WorkLog','15126534',NULL,NULL,'2013-04-13 04:25:46.907769','2013-04-13 04:25:46.915553',NULL),
('16262831','123648','474307','281068','5','WorkLog','15126533',NULL,NULL,'2013-04-13 04:25:12.14149','2013-04-13 04:25:12.14718',NULL),
('16262830','123648','474307','281068','5','WorkLog','15126532',NULL,NULL,'2013-04-13 04:24:33.268419','2013-04-13 04:24:33.276521',NULL),
('16262829','123648','474307','281068','5','WorkLog','15126531',NULL,NULL,'2013-04-13 04:24:06.854241','2013-04-13 04:24:06.862688',NULL),
('16262828','123648','474307','281068','5','WorkLog','15126530',NULL,NULL,'2013-04-13 04:23:48.467862','2013-04-13 04:23:48.476122',NULL),
('16262826','123648','474307','281068','5','WorkLog','15126528',NULL,NULL,'2013-04-13 04:22:56.848007','2013-04-13 04:22:56.856215',NULL),
('16262825','123648','474307','281068','5','WorkLog','15126527',NULL,NULL,'2013-04-13 04:22:31.442767','2013-04-13 04:22:31.447045',NULL),
('16262824','123648','474307','281068','2','WorkLog','15126526',NULL,NULL,'2013-04-13 04:21:43.938217','2013-04-13 04:21:43.945758',NULL),
('16262823','123648','474307','281068','3','WorkLog','15126525',NULL,NULL,'2013-04-13 04:20:59.693964','2013-04-13 04:20:59.701816',NULL),
('16262822','123648','474307','281068','5','WorkLog','15126524',NULL,NULL,'2013-04-13 04:20:10.046218','2013-04-13 04:20:10.054149',NULL),
('16262821','123648','474307','281068','5','WorkLog','15126523',NULL,NULL,'2013-04-13 04:19:49.726155','2013-04-13 04:19:49.734597',NULL),
('16265252','123648','474312','281066','7','WorkLog','15128655',NULL,NULL,'2013-04-13 00:10:00','2013-04-14 00:10:22.040504',NULL),
('16265256','123648','474307','280894','7','WorkLog','15128659',NULL,NULL,'2013-04-12 20:45:00','2013-04-14 00:11:13.291255',NULL),
('16258781','123648','470146','281068','5','WorkLog','15122840',NULL,NULL,'2013-04-12 19:23:45.753569','2013-04-12 19:23:45.757509',NULL),
('16258777','123648','470146','281068','5','WorkLog','15122836',NULL,NULL,'2013-04-12 19:23:34.523466','2013-04-12 19:23:34.528023',NULL),
('16258774','123648','470146','281068','5','WorkLog','15122833',NULL,NULL,'2013-04-12 19:23:20.623928','2013-04-12 19:23:20.6279',NULL),
('16258742','123648','470146','281068','5','WorkLog','15122807',NULL,NULL,'2013-04-12 19:21:58.002229','2013-04-12 19:21:58.009552',NULL),
('16258741','123648','470146','281068','20','ProjectFile','900883',NULL,NULL,'2013-04-12 19:21:57.930493','2013-04-12 19:21:57.944954',NULL),
('16258728','123648','470146','281068','5','WorkLog','15122796',NULL,NULL,'2013-04-12 19:21:20.391864','2013-04-12 19:21:20.399904',NULL),
('16258720','123648','470146','281068','5','WorkLog','15122788',NULL,NULL,'2013-04-12 19:21:08.066486','2013-04-12 19:21:08.074208',NULL),
('16258710','123648','470146','281068','5','WorkLog','15122779',NULL,NULL,'2013-04-12 19:20:47.388268','2013-04-12 19:20:47.39636',NULL),
('16258703','123648','470146','281068','5','WorkLog','15122772',NULL,NULL,'2013-04-12 19:20:08.077672','2013-04-12 19:20:08.081875',NULL),
('16258697','123648','470146','281068','5','WorkLog','15122766',NULL,NULL,'2013-04-12 19:19:44.397395','2013-04-12 19:19:44.422528',NULL),
('16258644','123648','474312','281068','5','WorkLog','15122713',NULL,NULL,'2013-04-12 19:17:34.860526','2013-04-12 19:17:34.86861',NULL),
('16258578','123648','474312','281068','5','WorkLog','15122653',NULL,NULL,'2013-04-12 19:14:09.264235','2013-04-12 19:14:09.272384',NULL),
('16258572','123648','474312','281068','5','WorkLog','15122647',NULL,NULL,'2013-04-12 19:13:45.139515','2013-04-12 19:13:45.14722',NULL),
('16258567','123648','474312','281068','2','WorkLog','15122642',NULL,NULL,'2013-04-12 19:13:25.792472','2013-04-12 19:13:25.808731',NULL),
('16258551','123648','474307','281068','5','WorkLog','15122627',NULL,NULL,'2013-04-12 19:12:35.8557','2013-04-12 19:12:35.860226',NULL),
('16258537','123648','474312','281068','5','WorkLog','15122613',NULL,NULL,'2013-04-12 19:11:26.252936','2013-04-12 19:11:26.257262',NULL),
('16258531','123648','474312','281068','5','WorkLog','15122607',NULL,NULL,'2013-04-12 19:10:54.60915','2013-04-12 19:10:54.673036',NULL),
('16265261','123648','474307','280894','7','WorkLog','15128664',NULL,NULL,'2013-04-12 17:48:00','2013-04-14 00:12:23.899564',NULL),
('16265240','123648','474307','280894','7','WorkLog','15128645',NULL,NULL,'2013-04-12 13:08:00','2013-04-14 00:11:41.457317',NULL),
('16266896','123648','474312','281066','7','WorkLog','15130162',NULL,NULL,'2013-04-12 01:17:24.013041','2013-04-14 18:31:02.880692',NULL),
('16245815','123648','474307','281066','2','WorkLog','15110959',NULL,NULL,'2013-04-12 01:14:24.974117','2013-04-12 01:16:59.929899',NULL),
('16245790','123648','474307','281066','5','WorkLog','15110935',NULL,NULL,'2013-04-12 01:13:55.737857','2013-04-12 01:13:55.742189',NULL),
('16245757','123648','474307','281066','7','WorkLog','15110906',NULL,NULL,'2013-04-12 01:06:00','2013-04-12 01:06:39.871089',NULL),
('16265255','123648','474307','280894','7','WorkLog','15128658',NULL,NULL,'2013-04-12 00:10:00','2013-04-14 00:10:46.89812',NULL),
('16265247','123648','474312','281066','7','WorkLog','15128652',NULL,NULL,'2013-04-12 00:09:00','2013-04-14 00:10:03.807915',NULL),
('16262840','123648','474312','281068','7','WorkLog','15126542',NULL,NULL,'2013-04-11 04:29:00','2013-04-13 04:30:31.900032',NULL),
('16265243','123648','474312','281066','7','WorkLog','15128648',NULL,NULL,'2013-04-11 00:08:00','2013-04-14 00:08:47.135171',NULL),
('16265242','123648','474312','281066','7','WorkLog','15128647',NULL,NULL,'2013-04-10 00:07:00','2013-04-14 00:07:54.887273',NULL),
('16262839','123648','474312','281068','7','WorkLog','15126541',NULL,NULL,'2013-04-09 04:28:00','2013-04-13 04:29:17.625047',NULL),
('16265245','123648','474312','281066','7','WorkLog','15128650',NULL,NULL,'2013-04-09 00:09:00','2013-04-14 00:09:32.158356',NULL),
('16262838','123648','474312','281068','7','WorkLog','15126540',NULL,NULL,'2013-04-08 04:27:00','2013-04-13 04:28:24.480463',NULL),
('16265258','123648','474312','281066','7','WorkLog','15128661',NULL,NULL,'2013-04-08 00:11:00','2013-04-14 00:11:28.461139',NULL),
('16245782','123648','474307','281066','7','WorkLog','15110928',NULL,NULL,'2013-04-07 01:12:00','2013-04-12 01:13:13.669355',NULL),
('16265260','123648','474312','281066','7','WorkLog','15128663',NULL,NULL,'2013-04-07 00:11:00','2013-04-14 00:11:57.503619',NULL),
('16245796','123648','474307','281066','7','WorkLog','15110941',NULL,NULL,'2013-04-06 01:14:00','2013-04-12 01:15:08.012419',NULL),
('16265266','123648','474312','280894','7','WorkLog','15128669',NULL,NULL,'2013-04-05 19:13:00','2013-04-14 00:13:50.959563',NULL),
('16245807','123648','474307','281066','7','WorkLog','15110951',NULL,NULL,'2013-04-04 01:16:00','2013-04-12 01:16:17.813373',NULL),
('16245812','123648','474307','281066','7','WorkLog','15110956',NULL,NULL,'2013-04-03 01:16:00','2013-04-12 01:16:48.003677',NULL),
('16109758','123648','474307','281067','2','WorkLog','14985286',NULL,NULL,'2013-04-02 22:45:24.400064','2013-04-02 22:45:24.468611',NULL),
('16109755','123648','474307','281067','7','WorkLog','14985284',NULL,NULL,'2013-04-02 16:10:43.473211','2013-04-02 22:45:11.042426',NULL),
('16102635','123648','474307','281067','1','WorkLog','14978803',NULL,NULL,'2013-04-02 16:10:05.892691','2013-04-02 16:10:05.896884',NULL),
('16102560','123648','474307','281067','2','WorkLog','14978729',NULL,NULL,'2013-04-02 16:06:33.056938','2013-04-02 16:06:33.065377',NULL),
('16102300','123648','474307','281067','3','WorkLog','14978499',NULL,NULL,'2013-04-02 15:51:01.377725','2013-04-02 15:51:01.387402',NULL),
('16102550','123648','474307','281067','7','WorkLog','14978719',NULL,NULL,'2013-04-02 15:51:00','2013-04-02 16:06:13.28571',NULL),
('16102179','123648','470146','281067','7','WorkLog','14978396',NULL,NULL,'2013-04-02 15:45:00','2013-04-02 15:45:23.209948',NULL),
('16102226','123648','474307','281067','7','WorkLog','14978436',NULL,NULL,'2013-04-02 12:47:21.872396','2013-04-02 15:47:21.890179',NULL),
('16092258','123648','474312','280894','7','WorkLog','14969163',NULL,NULL,'2013-04-02 00:37:00','2013-04-02 00:38:52.228319',NULL),
('16245758','123648','474307','281066','2','WorkLog','15110907',NULL,NULL,'2013-04-01 17:57:47.158139','2013-04-12 01:07:11.117569',NULL),
('16087326','123648','474312','281066','7','WorkLog','14964693',NULL,NULL,'2013-04-01 17:57:01.761236','2013-04-01 17:57:46.968825',NULL),
('16266690','123648','474312','281068','7','WorkLog','15129963',NULL,NULL,'2013-04-01 17:20:00','2013-04-14 17:21:16.268847',NULL),
('16033072','123648','474312','280894','5','WorkLog','14915085',NULL,NULL,'2013-03-26 18:08:22.905937','2013-03-26 18:08:22.91183',NULL),
('16033031','123648','470146','280894','1','WorkLog','14915046',NULL,NULL,'2013-03-26 18:06:14.491361','2013-03-26 18:06:14.52692',NULL),
('16055059','123648','474307','280894','2','WorkLog','14935099',NULL,NULL,'2013-03-26 13:25:00','2013-03-28 00:47:46.366615',NULL),
('16021081','123648','474307','281066','2','WorkLog','14903987',NULL,NULL,'2013-03-26 00:33:41.621614','2013-03-26 00:33:41.664378',NULL),
('16017089','123648','474307','281066','7','WorkLog','14900322',NULL,NULL,'2013-03-25 19:19:00','2013-03-25 19:19:13.135608',NULL),
('16017084','123648','474307','281066','7','WorkLog','14900317',NULL,NULL,'2013-03-25 19:18:00','2013-03-25 19:18:54.991586',NULL),
('16016988','123648','474312','281068','5','WorkLog','14900228',NULL,NULL,'2013-03-25 19:13:08.848992','2013-03-25 19:13:08.857191',NULL),
('16016987','123648','474307','281068','5','WorkLog','14900227',NULL,NULL,'2013-03-25 19:13:08.746312','2013-03-25 19:13:08.754785',NULL),
('16016921','123648','470146','281068','2','WorkLog','14900175',NULL,NULL,'2013-03-25 19:09:30.456039','2013-03-25 19:09:30.463823',NULL),
('16016915','123648','470146','281068','3','WorkLog','14900169',NULL,NULL,'2013-03-25 19:09:11.908698','2013-03-25 19:09:11.912672',NULL),
('16016858','123648','474307','281066','7','WorkLog','14900117',NULL,NULL,'2013-03-25 19:05:00','2013-03-25 19:05:49.222449',NULL),
('16016728','123648','474307','281066','7','WorkLog','14900012',NULL,NULL,'2013-03-25 19:00:00','2013-03-25 19:06:31.071243',NULL),
('16016699','123648','474307','281066','7','WorkLog','14899986',NULL,NULL,'2013-03-25 18:59:00','2013-03-25 18:59:24.468246',NULL),
('16016679','123648','470146','281066','7','WorkLog','14899966',NULL,NULL,'2013-03-25 18:58:00','2013-03-25 18:58:36.567294',NULL),
('16016641','123648','474307','281066','7','WorkLog','14899930',NULL,NULL,'2013-03-25 18:56:00','2013-03-25 18:57:05.480745',NULL),
('16016597','123648','470146','281066','7','WorkLog','14899887',NULL,NULL,'2013-03-25 18:54:00','2013-03-25 18:54:30.269372',NULL),
('16016577','123648','470146','281066','7','WorkLog','14899870',NULL,NULL,'2013-03-25 18:53:00','2013-03-25 18:53:39.313825',NULL),
('16016336','123648','470146','281066','7','WorkLog','14899654',NULL,NULL,'2013-03-25 18:43:00','2013-03-25 18:43:12.526958',NULL),
('16016148','123648','470146','281066','7','WorkLog','14899479',NULL,NULL,'2013-03-25 18:36:00','2013-03-25 18:36:57.259143',NULL),
('16016095','123648','470146','281066','7','WorkLog','14899431',NULL,NULL,'2013-03-25 18:34:00','2013-03-25 18:34:51.038426',NULL),
('16018167','123648','474307','281067','7','WorkLog','14901321',NULL,NULL,'2013-03-25 17:09:36.586297','2013-03-25 20:09:36.592034',NULL),
('16027294','123648','474312','280894','7','WorkLog','14909807',NULL,NULL,'2013-03-25 15:41:00','2013-03-26 13:16:49.844263',NULL),
('16010651','123648','474307','280894','5','WorkLog','14894349',NULL,NULL,'2013-03-25 14:16:34.481006','2013-03-25 14:16:34.489234',NULL),
('16012416','123648','474307','280894','7','WorkLog','14895980',NULL,NULL,'2013-03-25 14:16:00','2013-03-25 15:41:37.956559',NULL),
('16010608','123648','470146','280894','1','WorkLog','14894307',NULL,NULL,'2013-03-25 14:15:23.845381','2013-03-25 14:15:23.893723',NULL),
('15998080','123648','474312','280894','7','WorkLog','14882711',NULL,NULL,'2013-03-23 21:40:00','2013-03-23 17:47:44.055834',NULL),
('16010657','123648','474307','280894','7','WorkLog','14894355',NULL,NULL,'2013-03-23 17:51:19.786629','2013-03-25 14:16:42.664476',NULL),
('15998090','123648','474307','280894','1','WorkLog','14882721',NULL,NULL,'2013-03-23 17:51:08.298536','2013-03-23 17:51:08.306647',NULL),
('15943357','123648','474312','281068','5','WorkLog','14832377',NULL,NULL,'2013-03-19 23:16:19.37963','2013-03-19 23:16:19.386132',NULL),
('15943363','123648','474312','281068','7','WorkLog','14832383',NULL,NULL,'2013-03-19 20:16:40.491384','2013-03-19 23:16:40.499471',NULL),
('16017077','123648','474307','281066','7','WorkLog','14900310',NULL,NULL,'2013-03-19 18:20:00','2013-03-25 19:18:33.542344',NULL),
('15937496','123648','473880','280894','1','WorkLog','14826972',NULL,NULL,'2013-03-19 17:21:23.970313','2013-03-19 17:21:23.979286',NULL),
('15937359','123648','474307','281067','2','WorkLog','14826841',NULL,NULL,'2013-03-19 17:13:19.738512','2013-03-19 17:13:19.775153',NULL),
('15937328','123648','474307','281068','5','WorkLog','14826816',NULL,NULL,'2013-03-19 17:11:57.946116','2013-03-19 17:11:57.954371',NULL),
('15937313','123648','474312','281068','5','WorkLog','14826803',NULL,NULL,'2013-03-19 17:11:23.534827','2013-03-19 17:11:23.543159',NULL),
('15937311','123648','474307','281067','1','WorkLog','14826801',NULL,NULL,'2013-03-19 17:11:18.560395','2013-03-19 17:11:18.568258',NULL),
('16018228','123648','474307','281067','7','WorkLog','14901379',NULL,NULL,'2013-03-19 17:11:00','2013-03-25 20:12:45.115099',NULL),
('15937500','123648','474307','280894','7','WorkLog','14826976',NULL,NULL,'2013-03-19 14:17:08.031233','2013-03-19 17:21:32.936244',NULL),
('15933634','123648','474307','280894','7','WorkLog','14823396',NULL,NULL,'2013-03-19 14:15:00','2013-03-19 14:16:38.049052',NULL),
('15933600','123648','474307','281068','5','WorkLog','14823364',NULL,NULL,'2013-03-19 14:14:15.662642','2013-03-19 14:14:15.669784',NULL),
('15933554','123648','474312','281068','5','WorkLog','14823320',NULL,NULL,'2013-03-19 14:11:37.781496','2013-03-19 14:11:37.786097',NULL),
('15933546','123648','474312','281068','5','WorkLog','14823313',NULL,NULL,'2013-03-19 14:11:21.064','2013-03-19 14:11:21.072555',NULL),
('15933530','123648','474307','281068','5','WorkLog','14823298',NULL,NULL,'2013-03-19 14:10:43.618424','2013-03-19 14:10:43.626731',NULL),
('15933524','123648','474307','281068','5','WorkLog','14823292',NULL,NULL,'2013-03-19 14:10:29.462442','2013-03-19 14:10:29.466964',NULL),
('15933521','123648','474307','281068','1','WorkLog','14823289',NULL,NULL,'2013-03-19 14:10:00.659598','2013-03-19 14:10:00.663979',NULL),
('15937252','123648','474307','281067','7','WorkLog','14826745',NULL,NULL,'2013-03-19 14:08:28.700539','2013-03-19 17:08:28.708934',NULL),
('15927255','123648','474307','281068','2','WorkLog','14817533',NULL,NULL,'2013-03-19 05:02:37.944152','2013-03-19 05:02:37.952417',NULL),
('15927243','123648','470146','281068','5','WorkLog','14817525',NULL,NULL,'2013-03-19 05:00:36.819535','2013-03-19 05:00:36.827436',NULL),
('15927238','123648','470146','281068','7','WorkLog','14817521',NULL,NULL,'2013-03-19 04:59:23.747432','2013-03-19 04:59:23.754493',NULL),
('15927297','123648','474307','280894','7','WorkLog','14817566',NULL,NULL,'2013-03-19 04:19:00','2013-03-19 05:14:01.02092',NULL),
('15927088','123648','474312','281068','7','WorkLog','14817383',NULL,NULL,'2013-03-19 03:58:00','2013-03-19 03:59:01.437549',NULL),
('15927071','123648','473880','281068','1','WorkLog','14817366',NULL,NULL,'2013-03-19 03:53:01.477349','2013-03-19 03:53:01.486248',NULL),
('15927067','123648','473880','281068','1','WorkLog','14817362',NULL,NULL,'2013-03-19 03:50:15.802827','2013-03-19 03:50:15.835028',NULL),
('15927237','123648','470146','281068','7','WorkLog','14817520',NULL,NULL,'2013-03-19 01:58:09.92552','2013-03-19 04:58:09.933777',NULL),
('15927213','123648','474312','281068','7','WorkLog','14817500',NULL,NULL,'2013-03-19 01:50:29.712838','2013-03-19 04:50:29.721716',NULL),
('15998074','123648','474312','280894','7','WorkLog','14882709',NULL,NULL,'2013-03-18 17:45:00','2013-03-23 17:46:28.462349',NULL),
('15943691','123648','474307','281067','7','WorkLog','14832678',NULL,NULL,'2013-03-18 17:08:00','2013-03-20 00:01:12.601695',NULL),
('15908671','123648','474312','281068','7','WorkLog','14800323',NULL,NULL,'2013-03-18 01:49:00','2013-03-18 02:35:58.075746',NULL),
('15908401','123648','474312','281068','1','WorkLog','14800084',NULL,NULL,'2013-03-18 01:08:07.638261','2013-03-18 01:08:07.646527',NULL),
('15936784','123648','474307','281067','2','WorkLog','14826304',NULL,NULL,'2013-03-17 19:40:40.03741','2013-03-19 16:46:25.048049',NULL),
('15907557','123648','474307','281067','5','WorkLog','14799285',NULL,NULL,'2013-03-17 19:40:34.070954','2013-03-17 19:40:34.0789',NULL),
('15907555','123648','473880','281067','1','WorkLog','14799283',NULL,NULL,'2013-03-17 19:39:51.851306','2013-03-17 19:39:51.878241',NULL),
('15905910','123648','474307','281068','5','WorkLog','14797855',NULL,NULL,'2013-03-17 04:10:21.279961','2013-03-17 04:10:21.287946',NULL),
('15905909','123648','474307','281068','2','WorkLog','14797854',NULL,NULL,'2013-03-17 04:09:16.173293','2013-03-17 04:09:16.179778',NULL),
('15905908','123648','474312','281068','5','WorkLog','14797853',NULL,NULL,'2013-03-17 04:08:49.898371','2013-03-17 04:08:49.906713',NULL),
('15905907','123648','474312','281068','2','WorkLog','14797852',NULL,NULL,'2013-03-17 04:08:04.207983','2013-03-17 04:08:04.216266',NULL),
('15905905','123648','474312','281068','5','WorkLog','14797850',NULL,NULL,'2013-03-17 04:07:08.855105','2013-03-17 04:07:08.863702',NULL),
('15905899','123648','470146','281068','2','WorkLog','14797844',NULL,NULL,'2013-03-17 04:03:33.305406','2013-03-17 04:03:33.309577',NULL),
('15905896','123648','470146','281068','3','WorkLog','14797841',NULL,NULL,'2013-03-17 04:01:57.868567','2013-03-17 04:01:57.876727',NULL),
('15905894','123648','470146','281068','2','WorkLog','14797839',NULL,NULL,'2013-03-17 04:01:20.212161','2013-03-17 04:01:20.220598',NULL),
('15905885','123648','470146','281068','3','WorkLog','14797831',NULL,NULL,'2013-03-17 03:58:41.137467','2013-03-17 03:58:41.165321',NULL),
('15905879','123648','474312','281068','2','WorkLog','14797826',NULL,NULL,'2013-03-17 03:55:05.178743','2013-03-17 03:55:05.182937',NULL),
('15905874','123648','474312','281068','5','WorkLog','14797821',NULL,NULL,'2013-03-17 03:51:03.522259','2013-03-17 03:51:03.530959',NULL),
('15905873','123648','474312','281068','5','WorkLog','14797820',NULL,NULL,'2013-03-17 03:48:54.576546','2013-03-17 03:48:54.585222',NULL),
('15905872','123648','474312','281068','5','WorkLog','14797819',NULL,NULL,'2013-03-17 03:48:34.923551','2013-03-17 03:48:34.931898',NULL),
('15905871','123648','474312','281068','5','WorkLog','14797818',NULL,NULL,'2013-03-17 03:47:57.701378','2013-03-17 03:47:57.709825',NULL),
('15905870','123648','474312','281068','2','WorkLog','14797817',NULL,NULL,'2013-03-17 03:43:23.839592','2013-03-17 03:43:23.848228',NULL),
('15905846','123648','474307','281068','5','WorkLog','14797794',NULL,NULL,'2013-03-17 03:37:55.940648','2013-03-17 03:37:55.948869',NULL),
('15905845','123648','474307','281068','5','WorkLog','14797793',NULL,NULL,'2013-03-17 03:37:28.395607','2013-03-17 03:37:28.404256',NULL),
('15905844','123648','474307','281068','2','WorkLog','14797792',NULL,NULL,'2013-03-17 03:35:24.043534','2013-03-17 03:35:24.051667',NULL),
('15905840','123648','474307','281068','5','WorkLog','14797788',NULL,NULL,'2013-03-17 03:32:35.800055','2013-03-17 03:32:35.807866',NULL),
('15905839','123648','474307','281068','5','WorkLog','14797787',NULL,NULL,'2013-03-17 03:31:56.949836','2013-03-17 03:31:56.957977',NULL),
('15905897','123648','470146','281068','7','WorkLog','14797842',NULL,NULL,'2013-03-17 01:02:09.634453','2013-03-17 04:02:09.642984',NULL),
('15905843','123648','474307','281068','7','WorkLog','14797791',NULL,NULL,'2013-03-17 00:35:02.895383','2013-03-17 03:35:02.904153',NULL),
('15905251','123648','474307','281066','2','WorkLog','14797256',NULL,NULL,'2013-03-16 18:11:25.522727','2013-03-16 20:47:28.506071',NULL),
('15943713','123648','474307','281067','7','WorkLog','14832698',NULL,NULL,'2013-03-16 00:04:00','2013-03-20 00:04:36.122096',NULL),
('15904357','123648','474307','281067','7','WorkLog','14796477',NULL,NULL,'2013-03-13 23:06:00','2013-03-16 15:42:03.198965',NULL),
('15904837','123648','474307','281066','7','WorkLog','14796881',NULL,NULL,'2013-03-13 23:03:43.310163','2013-03-16 18:11:08.644357',NULL),
('15867173','123648','474307','281066','1','WorkLog','14762477',NULL,NULL,'2013-03-13 23:00:49.336501','2013-03-13 23:00:49.344746',NULL),
('15862778','123648','474307','280894','5','WorkLog','14758422',NULL,NULL,'2013-03-13 18:14:04.615509','2013-03-13 18:14:04.622134',NULL),
('15862743','123648','474307','280894','1','WorkLog','14758391',NULL,NULL,'2013-03-13 18:12:30.310765','2013-03-13 18:12:30.319076',NULL),
('15862706','123648','474307','280894','7','WorkLog','14758356',NULL,NULL,'2013-03-13 18:10:00','2013-03-13 18:10:46.508104',NULL),
('15862680','123648','474307','280894','1','WorkLog','14758332',NULL,NULL,'2013-03-13 18:08:25.594147','2013-03-13 18:08:25.606766',NULL),
('15862679','123648','474307','280894','20','ProjectFile','873932',NULL,NULL,'2013-03-13 18:08:25.297503','2013-03-13 18:08:25.316693',NULL),
('15862371','123648','474307','280894','7','WorkLog','14758044',NULL,NULL,'2013-03-13 03:20:00','2013-03-13 17:56:16.909809',NULL),
('15862396','123648','474307','280894','7','WorkLog','14758068',NULL,NULL,'2013-03-13 00:20:00','2013-03-13 17:57:28.502373',NULL),
('15862785','123648','474307','280894','7','WorkLog','14758429',NULL,NULL,'2013-03-12 18:14:00','2013-03-13 18:14:41.386565',NULL),
('15862696','123648','474307','280894','7','WorkLog','14758347',NULL,NULL,'2013-03-11 18:09:00','2013-03-13 18:10:16.880441',NULL),
('15927074','123648','474307','281068','7','WorkLog','14817369',NULL,NULL,'2013-03-11 03:53:00','2013-03-19 03:54:05.373462',NULL),
('15862682','123648','474307','280894','7','WorkLog','14758334',NULL,NULL,'2013-03-10 18:08:00','2013-03-13 18:09:45.580225',NULL),
('15862519','123648','474307','280894','7','WorkLog','14758182',NULL,NULL,'2013-03-10 18:00:00','2013-03-13 18:01:29.390098',NULL),
('15809099','123648','474307','281067','7','WorkLog','14709020',NULL,NULL,'2013-03-09 16:53:00','2013-03-09 23:24:56.032413',NULL),
('15807620','123648','474307','281067','1','WorkLog','14707742',NULL,NULL,'2013-03-09 16:47:40.994677','2013-03-09 16:47:41.025544',NULL),
('15944011','123648','470146','281068','7','WorkLog','14832977',NULL,NULL,'2013-03-07 00:49:00','2013-03-20 01:33:55.285673',NULL),
('15807646','123648','474307','281067','7','WorkLog','14707758',NULL,NULL,'2013-03-07 00:36:03.600734','2013-03-09 16:53:41.016308',NULL),
('15771191','123648','474307','281067','7','WorkLog','14673920',NULL,NULL,'2013-03-06 14:17:00','2013-03-25 20:24:12.536518',NULL),
('15760927','123648','474307','281067','1','WorkLog','14664473',NULL,NULL,'2013-03-06 14:10:23.240724','2013-03-06 14:10:23.245489',NULL),
('15761085','123648','474307','281067','7','WorkLog','14664615',NULL,NULL,'2013-03-06 14:10:00','2013-03-25 20:18:35.523232',NULL),
('15754483','123648','474307','281066','2','WorkLog','14658444',NULL,NULL,'2013-03-06 04:37:30.822123','2013-03-06 04:37:30.829975',NULL),
('15754481','123648','474307','281066','7','WorkLog','14658442',NULL,NULL,'2013-03-06 00:53:09.763236','2013-03-06 04:36:50.826729',NULL),
('15753450','123648','474307','281068','3','WorkLog','14657474',NULL,NULL,'2013-03-06 00:52:35.76219','2013-03-06 00:52:35.770831',NULL),
('15753399','123648','470146','281068','2','WorkLog','14657425',NULL,NULL,'2013-03-06 00:45:33.684871','2013-03-06 00:45:33.693149',NULL),
('15753364','123648','474307','281068','2','WorkLog','14657390',NULL,NULL,'2013-03-06 00:39:26.722621','2013-03-06 00:39:26.797553',NULL),
('15753363','123648','470146','281068','2','WorkLog','14657389',NULL,NULL,'2013-03-06 00:39:25.627649','2013-03-06 00:39:25.716456',NULL),
('15905841','123648','474307','281068','7','WorkLog','14797789',NULL,NULL,'2013-03-03 03:33:00','2013-03-17 03:34:35.116333',NULL),
('15702214','123648','470146','281067','1','WorkLog','14609959',NULL,NULL,'2013-03-01 16:07:12.023621','2013-03-01 16:07:12.057122',NULL),
('15703173','123648','470146','281067','7','WorkLog','14610850',NULL,NULL,'2013-03-01 16:07:00','2013-03-01 16:59:35.618382',NULL),
('15862475','123648','474307','280894','7','WorkLog','14758144',NULL,NULL,'2013-02-27 17:59:00','2013-03-13 18:00:29.934965',NULL),
('15862436','123648','474307','280894','7','WorkLog','14758108',NULL,NULL,'2013-02-26 17:00:00','2013-03-13 17:58:35.502179',NULL),
('15641539','123648','470146','281067','2','WorkLog','14553704',NULL,NULL,'2013-02-26 01:05:38.529384','2013-02-26 01:05:38.61493',NULL),
('15640639','123648','470146','281067','7','WorkLog','14552855',NULL,NULL,'2013-02-25 22:56:00','2013-03-25 19:03:32.46411',NULL),
('15619980','123648','470146','281067','3','WorkLog','14533593',NULL,NULL,'2013-02-23 21:00:00.184543','2013-02-23 21:00:00.192312',NULL),
('15620026','123648','470146','281067','7','WorkLog','14533638',NULL,NULL,'2013-02-23 21:00:00','2013-02-23 21:28:46.211272',NULL),
('15619973','123648','470146','281067','2','WorkLog','14533586',NULL,NULL,'2013-02-23 20:57:08.102274','2013-02-23 20:57:08.242545',NULL),
('15500052','123648','470146','280894','5','WorkLog','14421862',NULL,NULL,'2013-02-14 13:51:02.604311','2013-02-14 13:51:02.649702',NULL),
('15500051','123648','470146','280894','20','ProjectFile','852040',NULL,NULL,'2013-02-14 13:51:02.560832','2013-02-14 13:51:02.572163',NULL),
('15467388','123648','470146','281067','7','WorkLog','14391507',NULL,NULL,'2013-02-11 21:22:00','2013-02-11 21:39:19.94686',NULL),
('15407019','123648','470146','281068','5','WorkLog','14335354',NULL,NULL,'2013-02-06 00:23:33.207015','2013-02-06 00:23:33.215542',NULL),
('15407008','123648','470146','281068','5','WorkLog','14335343',NULL,NULL,'2013-02-06 00:20:15.247413','2013-02-06 00:20:15.280476',NULL),
('15905898','123648','470146','281068','7','WorkLog','14797843',NULL,NULL,'2012-12-15 03:02:00','2013-03-17 04:03:15.064336',NULL),
('14789908','123648','474312','281068','1','WorkLog','13760458',NULL,NULL,'2012-12-05 11:36:04.508075','2012-12-05 11:36:04.511882',NULL),
('14789888','123648','474312','281068','1','WorkLog','13760438',NULL,NULL,'2012-12-05 11:35:18.285067','2012-12-05 11:35:18.289743',NULL),
('14789874','123648','474312','281068','1','WorkLog','13760426',NULL,NULL,'2012-12-05 11:34:15.931909','2012-12-05 11:34:15.940023',NULL),
('14789862','123648','474312','281068','1','WorkLog','13760414',NULL,NULL,'2012-12-05 11:33:11.768531','2012-12-05 11:33:11.772473',NULL),
('14789848','123648','474312','281068','1','WorkLog','13760401',NULL,NULL,'2012-12-05 11:32:12.203752','2012-12-05 11:32:12.207987',NULL),
('14789825','123648','474312','281068','1','WorkLog','13760379',NULL,NULL,'2012-12-05 11:30:19.168348','2012-12-05 11:30:19.176777',NULL),
('14789799','123648','474312','281068','1','WorkLog','13760354',NULL,NULL,'2012-12-05 11:28:55.834113','2012-12-05 11:28:55.838857',NULL),
('14789692','123648','474307','281068','5','WorkLog','13760253',NULL,NULL,'2012-12-05 11:22:26.812833','2012-12-05 11:22:26.816485',NULL),
('14789687','123648','474307','281068','1','WorkLog','13760248',NULL,NULL,'2012-12-05 11:22:00.20183','2012-12-05 11:22:00.209887',NULL),
('14789660','123648','474307','281068','1','WorkLog','13760222',NULL,NULL,'2012-12-05 11:19:49.151424','2012-12-05 11:19:49.155522',NULL),
('14789638','123648','474307','281068','1','WorkLog','13760205',NULL,NULL,'2012-12-05 11:18:05.006135','2012-12-05 11:18:05.010646',NULL),
('14789591','123648','474307','281068','5','WorkLog','13760161',NULL,NULL,'2012-12-05 11:15:01.589704','2012-12-05 11:15:01.594156',NULL),
('14789572','123648','474307','281068','1','WorkLog','13760145',NULL,NULL,'2012-12-05 11:14:02.499838','2012-12-05 11:14:02.50592',NULL),
('14789534','123648','470146','281068','5','WorkLog','13760108',NULL,NULL,'2012-12-05 11:11:28.042351','2012-12-05 11:11:28.047378',NULL),
('14789524','123648','470146','281068','5','WorkLog','13760100',NULL,NULL,'2012-12-05 11:11:03.986311','2012-12-05 11:11:03.994497',NULL),
('14789506','123648','470146','281068','5','WorkLog','13760082',NULL,NULL,'2012-12-05 11:09:36.153476','2012-12-05 11:09:36.158181',NULL),
('14789500','123648','474307','281068','1','WorkLog','13760077',NULL,NULL,'2012-12-05 11:09:17.597448','2012-12-05 11:09:17.605877',NULL),
('14789426','123648','470146','281068','5','WorkLog','13760007',NULL,NULL,'2012-12-05 11:04:55.995049','2012-12-05 11:04:56.00331',NULL),
('14789415','123648','470146','281068','1','WorkLog','13759996',NULL,NULL,'2012-12-05 11:04:38.881285','2012-12-05 11:04:38.889207',NULL),
('14789387','123648','470146','281068','5','WorkLog','13759970',NULL,NULL,'2012-12-05 11:02:23.390175','2012-12-05 11:02:23.39487',NULL),
('14789374','123648','470146','281068','5','WorkLog','13759957',NULL,NULL,'2012-12-05 11:01:44.842807','2012-12-05 11:01:44.852008',NULL),
('14789306','123648','470146','281068','5','WorkLog','13759889',NULL,NULL,'2012-12-05 10:57:07.4091','2012-12-05 10:57:07.413409',NULL),
('14789291','123648','470146','281068','5','WorkLog','13759874',NULL,NULL,'2012-12-05 10:55:56.695529','2012-12-05 10:55:56.703334',NULL),
('14789284','123648','470146','281068','1','WorkLog','13759867',NULL,NULL,'2012-12-05 10:55:31.723074','2012-12-05 10:55:31.730999',NULL),
('14789209','123648','470146','281068','1','WorkLog','13759796',NULL,NULL,'2012-12-05 10:50:08.296722','2012-12-05 10:50:08.300712',NULL),
('14786346','123648','470146','281067','20','ProjectFile','811621',NULL,NULL,'2012-12-05 03:07:32.930393','2012-12-05 03:07:32.932136',NULL),
('15905887','123648','470146','281068','7','WorkLog','14797833',NULL,NULL,'2012-12-05 02:58:00','2013-03-17 04:00:09.352181',NULL),
('14785657','123648','470146','281067','20','ProjectFile','811582',NULL,NULL,'2012-12-05 00:21:16.717975','2012-12-05 00:21:16.721466',NULL),
('14785528','123648','470146','281068','20','ProjectFile','811579',NULL,NULL,'2012-12-05 00:01:34.381163','2012-12-05 00:01:34.382817',NULL),
('14785520','123648','470146','281068','20','ProjectFile','811576',NULL,NULL,'2012-12-05 00:01:10.071229','2012-12-05 00:01:10.074898',NULL),
('14785514','123648','470146','281068','2','WorkLog','13756378',NULL,NULL,'2012-12-04 23:59:59.572917','2012-12-04 23:59:59.581173',NULL),
('14785501','123648','470146','281068','20','ProjectFile','811574',NULL,NULL,'2012-12-04 23:57:22.686142','2012-12-04 23:57:22.689865',NULL),
('14785470','123648','470146','281066','5','WorkLog','13756337',NULL,NULL,'2012-12-04 23:52:17.830608','2012-12-04 23:52:17.838569',NULL),
('14785469','123648','470146','281066','20','ProjectFile','811573',NULL,NULL,'2012-12-04 23:52:17.800581','2012-12-04 23:52:17.803961',NULL),
('14785468','123648','470146','281067','2','WorkLog','13756336',NULL,NULL,'2012-12-04 23:52:12.106457','2012-12-04 23:52:12.162272',NULL),
('14785467','123648','470146','281067','1','WorkLog','13756335',NULL,NULL,'2012-12-04 23:51:52.366003','2012-12-04 23:51:52.374424',NULL),
('14785676','123648','470146','281067','2','WorkLog','13756531',NULL,NULL,'2012-12-04 23:51:00','2013-03-25 20:25:15.231487',NULL),
('14784913','123648','470146','281066','5','WorkLog','13755829',NULL,NULL,'2012-12-04 22:27:34.703285','2012-12-04 22:27:34.711746',NULL),
('14784912','123648','470146','281066','20','ProjectFile','811529',NULL,NULL,'2012-12-04 22:27:34.672809','2012-12-04 22:27:34.676354',NULL),
('14777541','123648','470146','281067','2','WorkLog','13748932',NULL,NULL,'2012-12-04 14:33:28.35902','2012-12-04 14:33:28.411505',NULL),
('14777497','123648','470146','281067','20','ProjectFile','811107',NULL,NULL,'2012-12-04 14:30:46.379316','2012-12-04 14:30:46.382829',NULL),
('14770195','123648','470146','280894','7','WorkLog','13742102',NULL,NULL,'2012-12-04 03:03:00','2012-12-04 03:04:00.526209',NULL),
('14770197','123648','470146','280894','7','WorkLog','13742104',NULL,NULL,'2012-12-04 02:47:40.695924','2012-12-04 03:04:27.62597',NULL),
('14770162','123648','470146','280894','1','WorkLog','13742070',NULL,NULL,'2012-12-04 02:47:00.097242','2012-12-04 02:47:00.101847',NULL),
('14770161','123648','470146','280894','20','ProjectFile','810716',NULL,NULL,'2012-12-04 02:46:59.93099','2012-12-04 02:46:59.932959',NULL),
('14748803','123648','470146','280894','1','WorkLog','13721953',NULL,NULL,'2012-12-01 17:14:56.241334','2012-12-01 17:14:56.245695',NULL),
('14718690','123648','470146','280894','5','WorkLog','13694111',NULL,NULL,'2012-11-29 00:32:42.090678','2012-11-29 00:32:42.094785',NULL),
('14718689','123648','470146','280894','20','ProjectFile','807839',NULL,NULL,'2012-11-29 00:32:42.061236','2012-11-29 00:32:42.06298',NULL),
('14718581','123648','470146','280894','3','WorkLog','13694005',NULL,NULL,'2012-11-29 00:14:15.157798','2012-11-29 00:14:15.162872',NULL),
('14718580','123648','470146','280894','20','ProjectFile','807836',NULL,NULL,'2012-11-29 00:14:15.126242','2012-11-29 00:14:15.12825',NULL),
('14718691','123648','470146','280894','7','WorkLog','13694112',NULL,NULL,'2012-11-29 00:14:00','2012-11-29 00:33:14.919752',NULL),
('14717910','123648','470146','281067','1','WorkLog','13693390',NULL,NULL,'2012-11-28 22:17:09.965544','2012-11-28 22:17:09.969867',NULL),
('14718561','123648','470146','280894','2','WorkLog','13693986',NULL,NULL,'2012-11-28 22:04:21.920024','2012-11-29 00:12:03.126016',NULL),
('14717640','123648','470146','281067','2','WorkLog','13693128',NULL,NULL,'2012-11-28 21:44:45.542796','2012-11-28 21:44:45.598383',NULL),
('14688002','123648','470146','280894','1','WorkLog','13665585',NULL,NULL,'2012-11-27 00:41:29.830123','2012-11-27 00:41:29.83859',NULL),
('14687913','123648','470146','280894','20','ProjectFile','806021',NULL,NULL,'2012-11-27 00:21:43.604568','2012-11-27 00:21:43.608091',NULL),
('14688000','123648','470146','281068','7','WorkLog','13665583',NULL,NULL,'2012-11-26 23:48:00','2012-11-27 00:41:40.454331',NULL),
('14687710','123648','470146','281068','1','WorkLog','13665307',NULL,NULL,'2012-11-26 23:47:47.666148','2012-11-26 23:47:47.674997',NULL),
('14686795','123648','470146','280894','5','WorkLog','13664441',NULL,NULL,'2012-11-26 21:25:37.644347','2012-11-26 21:25:37.648777',NULL),
('14686794','123648','470146','280894','20','ProjectFile','805968',NULL,NULL,'2012-11-26 21:25:37.615581','2012-11-26 21:25:37.618894',NULL),
('14686782','123648','470146','281066','2','WorkLog','13664429',NULL,NULL,'2012-11-26 21:23:05.892996','2012-11-26 21:23:05.930471',NULL),
('14672602','123648','470146','281068','2','WorkLog','13651338',NULL,NULL,'2012-11-25 22:20:06.393027','2012-11-25 22:20:06.40169',NULL),
('14672601','123648','470146','281068','20','ProjectFile','805035',NULL,NULL,'2012-11-25 22:20:06.328254','2012-11-25 22:20:06.3318',NULL),
('14687712','123648','470146','281068','7','WorkLog','13665309',NULL,NULL,'2012-11-25 21:11:42.366549','2012-11-26 23:48:02.484397',NULL),
('14671656','123648','470146','281067','2','WorkLog','13650455',NULL,NULL,'2012-11-22 04:16:00','2013-03-25 20:26:22.885201',NULL),
('14628835','123648','470146','280894','5','WorkLog','13610644',NULL,NULL,'2012-11-21 00:45:46.786618','2012-11-21 00:45:46.795188',NULL),
('14628833','123648','470146','280894','3','WorkLog','13610642',NULL,NULL,'2012-11-21 00:44:41.093063','2012-11-21 00:44:41.101592',NULL),
('14628831','123648','470146','280894','2','WorkLog','13610640',NULL,NULL,'2012-11-21 00:43:55.649937','2012-11-21 00:43:55.702623',NULL),
('14628827','123648','470146','280894','5','WorkLog','13610636',NULL,NULL,'2012-11-21 00:43:34.69406','2012-11-21 00:43:34.699552',NULL),
('14628825','123648','470146','280894','1','WorkLog','13610634',NULL,NULL,'2012-11-21 00:43:03.965458','2012-11-21 00:43:03.974106',NULL),
('14628817','123648','470146','280894','1','WorkLog','13610627',NULL,NULL,'2012-11-21 00:40:23.946243','2012-11-21 00:40:23.955159',NULL),
('14628810','123648','470146','280894','1','WorkLog','13610620',NULL,NULL,'2012-11-21 00:37:07.875462','2012-11-21 00:37:07.884558',NULL),
('16102231','123648','474307','281067','7','WorkLog','14978439',NULL,NULL,'2012-04-06 15:47:00','2013-04-02 15:48:02.866572',NULL);

###################
# Dumping table forums
###################

;

###################
# Dumping table ical_entries
###################

###################
# Dumping table locales
###################

###################
# Dumping table milestones
###################

INSERT INTO `milestones` VALUES ('169518','123648','474312',NULL,'Layout','Implanatação total do layout ao sistema','2013-04-12 02:59:00',NULL,NULL,'2','2',NULL,'0'),
('169517','123648','474307',NULL,'Integração módulos','Fechar a integração entre código JSF, JAVA e layout (CSS, Java Srcipt)','2013-04-13 02:59:00',NULL,NULL,'6','6',NULL,'0'),
('169482','123648','470146',NULL,'Versionamento','Controlar versões e alterações do projeto, assim como reverte-las se necessário','2013-03-13 02:59:00',NULL,NULL,'2','2',NULL,'0'),
('166621','123648','474307','280894','Projeto','Criar o Projeto.','2013-03-20 02:59:00',NULL,NULL,'5','5',NULL,'0'),
('166952','123648','474312',NULL,'Finalização do projeto','entrega do texto final de documentação do projeto','2013-04-16 02:59:00',NULL,NULL,'9','7',NULL,'0'),
('157583','123648','474307',NULL,'Base de dados','Banco de dados definido.','2013-03-19 02:59:00',NULL,NULL,'4','4',NULL,'0'),
('157585','123648','474307','281068','Versão de testes','','2013-02-10 01:59:00',NULL,NULL,'1','1',NULL,'0'),
('157584','123648','470146','281068','Documentar do projeto','Terminar a primeira documentação do projeto, que será base da faze de modelagem.','2012-12-18 01:59:00',NULL,NULL,'7','7',NULL,'0'),
('156877','123648','470146','280894','Padrao de Projeto','Criar um documento em word com a nomenclatura completa a ser usada pelos desenvolvedores no projeto da LiricusBiblio','2012-12-05 02:59:00',NULL,NULL,'4','4',NULL,'0');

###################
# Dumping table moderatorships
###################

;

###################
# Dumping table monitorships
###################

;

###################
# Dumping table news_items
###################

###################
# Dumping table notifications
###################

INSERT INTO `notifications` VALUES ('1791350','3060854','280894'),
('1652003','3066717','280894'),
('1791349','3060854','281067'),
('1652002','3066717','281067'),
('1652001','3066717','281068'),
('1791348','3060854','281066'),
('1652000','3066717','281066');

###################
# Dumping table pages
###################

;

###################
# Dumping table posts
###################

;

###################
# Dumping table project_files
###################

INSERT INTO `project_files` VALUES ('900883','123648','470146','244447','Padrao_de_Projeto_v2.docx','0','0','2013-04-12 19:21:57.930493','2013-04-12 19:21:57.966134','Padrao_de_Projeto_v2.docx',NULL,'6456','3081287','application/octet-stream',NULL,'281068'),
('873932','123648','474307','244447','Diagrama_Navegacional.jpg','0','1','2013-03-13 18:08:25.297503','2013-03-13 18:08:25.389368','Diagrama_Navegacional.jpg',NULL,'97335','3300350','image/jpeg',NULL,'280894'),
('852040','123648','470146','244447','Casos_de_uso_expandido.doc','0','0','2013-02-14 13:51:02.560832','2013-02-14 13:51:02.590113','Casos_de_uso_expandido.doc',NULL,'24064','3081234','application/octet-stream',NULL,'280894'),
('811621','123648','470146','244447','Cronograma - incompleto','0','99','2012-12-05 03:07:32.930393','2012-12-05 03:07:33.076713','Cronograma.ods',NULL,'16558',NULL,'application/octet-stream','34859','281067'),
('811582','123648','470146','244447','Mapeamento DCU x RF 1.0','0','99','2012-12-05 00:21:16.717975','2012-12-05 00:21:16.848189','Mapeamento_caso_de_uso_1.0.odt',NULL,'16663',NULL,'application/octet-stream','34859','281067'),
('811579','123648','470146','244447','Ata_28_11_2012','0','99','2012-12-05 00:01:34.381163','2012-12-05 00:01:34.546688','Ata_28_11_2012.pdf',NULL,'144227',NULL,'application/octet-stream','34859','281068'),
('811576','123648','470146','244447','Ata_26_11_2012','0','99','2012-12-05 00:01:10.071229','2012-12-05 00:01:10.20938','Ata_26_11_2012.pdf',NULL,'150701',NULL,'application/octet-stream','34859','281068'),
('811574','123648','470146','244447','Requisitos_1.0','0','99','2012-12-04 23:57:22.686142','2012-12-04 23:57:22.794417','Documento_de_Requisitos.docx',NULL,'38763',NULL,'application/octet-stream','34859','281068'),
('811573','123648','470146','244447','Documento_de_Requisitos.docx','0','0','2012-12-04 23:52:17.800581','2012-12-04 23:52:17.817596','Documento_de_Requisitos.docx',NULL,'38763','3049164','application/octet-stream',NULL,'281066'),
('811529','123648','470146','244447','Padrao_de_Projeto_v3.docx','0','0','2012-12-04 22:27:34.672809','2012-12-04 22:27:34.688875','Padrao_de_Projeto_v3.docx',NULL,'18931','3060885','application/octet-stream',NULL,'281066'),
('811107','123648','470146','244447','Ata com a logomarca','0','99','2012-12-04 14:30:46.379316','2012-12-04 14:30:46.638375','Modelo_simples_da_ata__1_.docx',NULL,'62468',NULL,'application/octet-stream','34859','281067'),
('810716','123648','470146','244447','LiricusBiblio.jpg','0','1','2012-12-04 02:46:59.93099','2012-12-04 02:46:59.96432','LiricusBiblio.jpg',NULL,'91941','3077417','image/jpeg',NULL,'280894'),
('807839','123648','470146','244447','Padrao_de_Projeto_v2.docx','0','0','2012-11-29 00:32:42.061236','2012-11-29 00:32:42.072612','Padrao_de_Projeto_v2.docx',NULL,'6456','3060885','application/octet-stream',NULL,'280894'),
('807836','123648','470146','244447','Padrao_de_Projeto_v1.docx','0','0','2012-11-29 00:14:15.126242','2012-11-29 00:14:15.139965','Padrao_de_Projeto_v1.docx',NULL,'15958','3060885','application/octet-stream',NULL,'280894'),
('806021','123648','470146','244447','Modelo_de_ata','0','1','2012-11-27 00:21:43.604568','2012-11-27 00:22:00.688748','modelo_ata.jpg',NULL,'171507',NULL,'image/jpeg','34859','280894'),
('805968','123648','470146','244447','REQUISITOS_FUNCIONAIS_Não_funcionais.docx','0','0','2012-11-26 21:25:37.615581','2012-11-26 21:25:37.631778','REQUISITOS_FUNCIONAIS_Não_funcionais.docx',NULL,'18562','3049164','application/octet-stream',NULL,'280894'),
('805035','123648','470146','244447','REQUISITOS_FUNCIONAIS_Não_funcionais.docx','0','0','2012-11-25 22:20:06.328254','2012-11-25 22:20:06.344977','REQUISITOS_FUNCIONAIS_Não_funcionais.docx',NULL,'17855','3049166','application/octet-stream',NULL,'281068');

###################
# Dumping table project_folders
###################

INSERT INTO `project_folders` VALUES ('34859','Documentos','470146',NULL,'2012-11-27 00:21:58.189888','123648');

###################
# Dumping table project_permissions
###################

INSERT INTO `project_permissions` VALUES ('1980784','123648','470146','281068','2012-11-20 01:37:15.235264','1','1','1','1','1','1','1','1','1','1'),
('1980783','123648','470146','281067','2012-11-20 01:37:15.235264','1','1','1','1','1','1','1','1','1','1'),
('1980782','123648','470146','281066','2012-11-20 01:37:15.235264','1','1','1','1','1','1','1','1','1','1'),
('1979076','123648','470146','280894','2012-11-20 01:37:15.235264','1','1','1','1','1','1','1','1','1','1'),
('1999447','123648','474307','281068','2012-11-20 01:37:15.235264','1','1','1','1','1','1','1','1','1','1'),
('1999446','123648','474307','281067','2012-11-20 01:37:15.235264','1','1','1','1','1','1','1','1','1','1'),
('1999445','123648','474307','281066','2012-11-20 01:37:15.235264','1','1','1','1','1','1','1','1','1','1'),
('1999444','123648','474307','280894','2012-11-20 01:37:15.235264','1','1','1','1','1','1','1','1','1','1'),
('1999464','123648','474312','281068','2012-11-20 01:37:15.235264','1','1','1','1','1','1','1','1','1','1'),
('1999463','123648','474312','281067','2012-11-20 01:37:15.235264','1','1','1','1','1','1','1','1','1','1'),
('1999462','123648','474312','281066','2012-11-20 01:37:15.235264','1','1','1','1','1','1','1','1','1','1'),
('1999461','123648','474312','280894','2012-11-20 01:37:15.235264','1','1','1','1','1','1','1','1','1','1');

###################
# Dumping table projects
###################

INSERT INTO `projects` VALUES ('474312','Versão de testes','281068','123648','244447','2012-12-05 11:25:18.002819','2013-04-14 18:31:29.80639',NULL,'0','2','0','Primeira versão não oficial do sistema. ','1','2','12','2','2'),
('474307','Modelagem de arquitetura','281068','123648','244447','2012-12-05 11:00:00.697352','2013-04-14 00:15:01.974949',NULL,'0','0','0','Modelagem do projeto, permitindo uma visão geral de situações através de diagramas e outros','1','0','17','4','4'),
('470146','Análise de Requisitos','280894','123648','244447','2012-11-20 01:37:15.208167','2013-04-12 19:23:47.868212',NULL,'0','0','0','Definir requisitos do sistema.','1','0','13','3','3');

###################
# Dumping table schema_migrations
###################

###################
# Dumping table scm_changesets
###################

;

###################
# Dumping table scm_files
###################

;

###################
# Dumping table scm_projects
###################

;

###################
# Dumping table scm_revisions
###################

;

###################
# Dumping table sessions
###################

###################
# Dumping table sheets
###################

;

###################
# Dumping table shout_channel_subscriptions
###################

INSERT INTO `shout_channel_subscriptions` VALUES ('28414','1','280894'),
('28328','1','281067');

###################
# Dumping table shout_channels
###################

;

###################
# Dumping table shouts
###################

;

###################
# Dumping table tags
###################

INSERT INTO `tags` VALUES ('473708','123648','banco de dados'),
('477874','123648','bundle'),
('443991','123648','caso de uso'),
('469083','123648','classe'),
('470317','123648','classes básicas'),
('442055','123648','codificação'),
('473205','123648','create'),
('442654','123648','cronograma'),
('473210','123648','crud'),
('475390','123648','dashboar'),
('476250','123648','datagrid'),
('473208','123648','delete'),
('443992','123648','diagrama'),
('472014','123648','diagrama navegacional versao 1.0'),
('473244','123648','documentação'),
('443283','123648','erro'),
('440612','123648','funcionais'),
('477876','123648','inglês'),
('470318','123648','java'),
('475679','123648','jsf'),
('473930','123648','jsf template xhtml'),
('475389','123648','layout'),
('443692','123648','liricusbiblio'),
('473840','123648','login'),
('443690','123648','logo'),
('443691','123648','logomarca'),
('443993','123648','modelagem'),
('440615','123648','não funcionais'),
('469085','123648','navegacional'),
('469086','123648','pacotes'),
('442053','123648','padrão'),
('481635','123648','permissao'),
('473707','123648','persistência'),
('473209','123648','pessoa'),
('477877','123648','português'),
('475388','123648','primefaces'),
('444077','123648','problema'),
('442054','123648','projeto'),
('477875','123648','properties'),
('443282','123648','rapidsvn'),
('473206','123648','read'),
('467409','123648','repositório'),
('440613','123648','requisitos'),
('469084','123648','sequencia'),
('440616','123648','suplementar'),
('443281','123648','svn'),
('472018','123648','svn projeto liricusbiblio'),
('481636','123648','tabela'),
('473243','123648','texto'),
('443280','123648','tortoise'),
('473207','123648','update'),
('443284','123648','versionamento'),
('443693','123648','vetor'),
('444080','123648','viabilidade'),
('442655','123648','web');

###################
# Dumping table task_owners
###################

INSERT INTO `task_owners` VALUES ('9705223','280894','3049164'),
('9705233','280894','3060854'),
('8779479','280894','3060885'),
('8779798','280894','3066717'),
('9705307','280894','3072402'),
('9705257','280894','3077417'),
('9705314','280894','3080519'),
('9492930','280894','3081234'),
('9708331','280894','3081328'),
('9705106','280894','3081373'),
('9705085','280894','3081379'),
('9451911','280894','3300350'),
('9492941','280894','3300360'),
('9708300','280894','3313684'),
('9710711','280894','3314399'),
('9708313','280894','3325936'),
('9708310','280894','3328223'),
('9709791','280894','3378331'),
('9705224','281067','3049164'),
('9705234','281067','3060854'),
('8779800','281067','3066717'),
('9705309','281067','3072402'),
('9705316','281067','3080519'),
('9492932','281067','3081234'),
('9705182','281067','3081318'),
('9710606','281067','3081332'),
('9705087','281067','3081379'),
('9705311','281067','3268493'),
('9708306','281067','3280505'),
('9708308','281067','3289239'),
('9708309','281067','3308968'),
('9499124','281067','3314373'),
('9708307','281067','3346103'),
('9705248','281068','3049166'),
('9705235','281068','3060854'),
('8779801','281068','3066717'),
('9705310','281068','3072402'),
('9705317','281068','3080519'),
('9492933','281068','3081234'),
('9480154','281068','3081254'),
('9705269','281068','3081287'),
('9383815','281068','3081303'),
('9710607','281068','3081338'),
('9708327','281068','3081365'),
('9705118','281068','3081372'),
('9708329','281068','3081376'),
('9705088','281068','3081379'),
('9705078','281068','3081382'),
('9708330','281068','3081385'),
('9481575','281068','3309126'),
('9705227','281066','3049170'),
('9705236','281066','3060854'),
('8779799','281066','3066717'),
('9705308','281066','3072402'),
('9705315','281066','3080519'),
('9492931','281066','3081234'),
('9705086','281066','3081379'),
('9708301','281066','3301232'),
('9708304','281066','3312585'),
('9708305','281066','3312586'),
('9708311','281066','3328223'),
('9708326','281066','3332770');

###################
# Dumping table task_tags
###################

INSERT INTO `task_tags` VALUES ('476250','3332770'),
('473930','3314399'),
('473243','3309126'),
('473244','3309126'),
('475679','3328223'),
('473210','3313684'),
('473840','3313684'),
('473708','3378331'),
('481635','3378331'),
('481636','3378331'),
('473930','3325936'),
('475388','3325936'),
('475389','3325936'),
('475390','3325936'),
('473205','3308968'),
('473206','3308968'),
('473207','3308968'),
('473208','3308968'),
('473209','3308968'),
('473210','3308968'),
('470317','3289239'),
('470318','3289239'),
('477874','3346103'),
('477875','3346103'),
('477876','3346103'),
('477877','3346103'),
('443991','3280505'),
('443992','3280505'),
('469083','3280505'),
('469084','3280505'),
('469085','3280505'),
('469086','3280505'),
('473707','3312586'),
('473708','3312586'),
('443991','3080519'),
('443992','3080519'),
('443993','3080519'),
('443281','3268493'),
('467409','3268493'),
('443280','3072402'),
('443281','3072402'),
('443282','3072402'),
('443283','3072402'),
('443284','3072402'),
('443690','3077417'),
('443691','3077417'),
('443692','3077417'),
('443693','3077417'),
('440613','3049166'),
('440615','3049166'),
('440613','3060854'),
('440613','3049170'),
('440616','3049170'),
('440612','3049164'),
('440613','3049164'),
('442054','3066717'),
('442654','3066717'),
('442655','3066717'),
('444077','3081234'),
('473205','3314373'),
('473207','3314373'),
('473208','3314373'),
('473210','3314373'),
('442053','3060885'),
('442054','3060885'),
('442055','3060885'),
('472018','3300360'),
('444080','3081254'),
('472014','3300350');

###################
# Dumping table tasks
###################

INSERT INTO `tasks` VALUES ('3332770','Implementação - Métodos de Pesquisa','474312','0','2013-03-26 18:06:14.385354','2013-03-29 02:59:00','2013-04-14 18:31:02.886972','2013-04-14 17:20:41.728275','480','0','166952','Pessoal,
vamos fazer uma força tarefa para pesquisar como faz para:
#1 - Carregar uma pesquisa dentro de uma dataGrid (em PrimeFaces) . 
#2 - Mesma coisa para ComboBox;
#3 - E gerar relatório  de uma pesquisa em pdf, excel, algo que dê pra salvar/ visualizar

Quem já souber, dá um toque;','123648','1','281066','1','0','40','2','Elias Fernandes ','280894',NULL,NULL,NULL,NULL,'0','0','1217'),
('3081379','Integração de módulos','474312','0','2012-12-05 11:34:15.830322','2013-04-12 02:59:00','2013-04-14 18:12:32.398381','2013-04-14 18:12:32.273283','960','0','166952','Após a construção de todas as classes, telas entre outros requisitos, realizar as adequações necessárias para que as mesmas se comuniquem de forma correta gerando o resultado de controle desejado.','123648','0','280894','0','0','22','2','','281068',NULL,NULL,NULL,NULL,'0','0','2243'),
('3314399','Adaptacao modelo xhtml em jsf','474312','0','2013-03-19 17:21:23.923041','2013-03-22 02:59:00','2013-04-14 18:11:58.384955','2013-04-14 18:11:58.383136','1680','0','169518','Fazer adaptação no template xhtml (html forçado) para o jsf mantendo layout.','123648','2','280894','2','2','37','2','Elias Fernandes ','280894',NULL,NULL,NULL,NULL,'0','0','1139'),
('3309126','Monografia','474312','0','2013-03-18 01:08:07.545314','2013-04-15 02:59:00','2013-04-14 17:22:07.957957',NULL,'0','0','166952','Fazer um único documento com base na documentação já produzida.
','123648','0','281068','0','0','32','1','','281068',NULL,NULL,NULL,NULL,'0','0','839'),
('3081338','Validação de protótipo','474312','0','2012-12-05 11:22:00.089582','2013-03-23 02:59:00','2013-04-14 17:19:21.56053','2013-04-14 17:19:21.558762','960','0','166952','Analise com o cliente dos protótipos, após realizar possíveis alterações solicitadas na fase anterior, e fechamento das alterações em layout.','123648','0','281068','0','0','17','4','','281068',NULL,NULL,NULL,NULL,'0','0','0'),
('3081332','Teste de usabilidade','474312','0','2012-12-05 11:19:49.043541','2013-03-23 02:59:00','2013-04-14 17:19:03.257497',NULL,'960','0','166952','Com o feedback do usuário em relação aos protótipos seguir com o desenvolvimento.','123648','0','281068','0','0','16','0','','281068',NULL,NULL,NULL,NULL,'0','0','0'),
('3328223','JSF Com Hibernate e Persistencia em Banco de Dados ','474307','0','2013-03-25 14:15:23.722162','2013-03-26 02:59:00','2013-04-14 00:14:58.597907','2013-04-12 01:16:59.895061','180','0','169517','Versão 1.0','123648','1','280894','1','0','39','2','Elias Fernandes ','280894',NULL,NULL,NULL,NULL,'0','0','1524'),
('3313684','Criação do CRUD de login','474307','0','2013-03-19 14:10:00.565626','2013-03-21 02:59:00','2013-04-14 00:12:48.581716','2013-04-13 20:58:37.052705','960','0','169517','Criação das classes necessárias para realização de login.
Assim como os métodos e beans necessãrios.','123648','0','280894','0','0','35','2','','281068',NULL,NULL,NULL,NULL,'0','0','737'),
('3378331','Criacao tabela Permissao','474307','0','2013-04-14 00:10:17.927491','2013-04-13 02:59:00','2013-04-14 00:11:13.648701','2013-04-14 00:11:13.340126','300','0','0','Criação da tabela permissao para manipular acoes do usuário.
Agregacao ao banco;
criacao de backup e populacao de alguns dados','123648','1','280894','2','1','42','2','Elias ','280894',NULL,NULL,NULL,NULL,NULL,'0','150'),
('3081382','Testes','474312','0','2012-12-05 11:35:18.172508','2013-04-11 02:59:00','2013-04-13 22:31:39.945816','2013-04-13 22:31:39.943642','960','0','166952','','123648','0','281067','0','0','23','2','','281068',NULL,NULL,NULL,NULL,'0','0','0'),
('3081318','Plano e projeto de testes','474312','0','2012-12-05 11:14:02.422328','2013-03-23 02:59:00','2013-04-13 22:31:20.871487','2013-04-13 22:31:20.810097','1','0','166952','Excluir possíveis falhas de modelagem. Realizar testes criando várias situações com o objetivo de evitar que erros na estrutura sejam levados em diante.','123648','0','281067','0','0','14','2','','281068',NULL,NULL,NULL,NULL,'0','0','82'),
('3081328','Prototipação','474307','0','2012-12-05 11:18:04.906495','2013-03-20 02:59:00','2013-04-13 04:37:19.989456','2013-04-13 04:37:19.987575','960','0','169517','Desenvolver interface e apresentar ao usuário. ','123648','0','281068','0','0','15','2','','281068',NULL,NULL,NULL,NULL,'0','0','534'),
('3081385','C','474312','0','2012-12-05 11:36:04.445351','2013-03-16 02:59:00','2013-04-13 04:36:41.843282','2013-03-17 04:08:04.162953','2','0','166952','','123648','0','281068','0','0','24','4','','281068',NULL,NULL,NULL,NULL,NULL,'0','0'),
('3081376','Repositórios','474312','0','2012-12-05 11:33:11.703104','2013-02-20 02:59:00','2013-04-13 04:36:18.620032','2013-03-17 03:55:05.13627','960','0','166952','','123648','0','281068','0','0','21','4','','281068',NULL,NULL,NULL,NULL,NULL,'0','0'),
('3081365','Modelo e analise do projeto','474312','0','2012-12-05 11:28:55.753547','2013-02-03 01:59:00','2013-04-13 04:36:05.545867','2013-03-17 03:43:23.778637','960','0','169518','','123648','0','281068','0','0','18','4','','281068',NULL,NULL,NULL,NULL,NULL,'0','0'),
('3325936','Criar Layout usando PrimeFaces','474307','0','2013-03-23 17:51:08.122125','2013-03-26 02:59:00','2013-04-13 04:26:47.928186','2013-03-28 00:46:59.600092','960','0','169517','Aprendendo a usar o PrimeFaces para atribuir um layout genuíno ao projeto e integrar com o HIbernate.','123648','2','281068','2','1','38','2','Elias Fernandes ','280894',NULL,NULL,NULL,NULL,NULL,'0','753'),
('3308968','CRUD Pessoa','474307','0','2013-03-17 19:39:51.715931','2013-03-20 02:59:00','2013-04-13 04:25:11.740476','2013-03-19 16:46:25.007208','0','0','169517','Criação do CRUD Pessoa.','123648','0','281068','0','0','31','2','Geovana Veloso','281067',NULL,NULL,NULL,NULL,NULL,'0','380'),
('3289239','Classes básicas','474307','0','2013-03-09 16:47:40.909545',NULL,'2013-04-13 04:24:33.224336','2013-04-13 04:21:43.905871','1440','0','166621','Realização das classes básicas do projeto, .java','123648','0','281068','0','0','27','5','Geovana Veloso','281067',NULL,NULL,NULL,NULL,NULL,'0','162'),
('3346103','Alteração do arquivo Bundle','474307','0','2013-04-02 16:10:05.823828','2013-04-03 02:59:00','2013-04-13 04:24:06.798184','2013-04-02 22:45:24.400171','0','0','157585','Tradução das mensagens gravadas no arquivo bundle.properties','123648','0','281068','0','3','41','2','','281067',NULL,NULL,NULL,NULL,NULL,'0','132'),
('3280505','Diagramação do projeto','474307','0','2013-03-06 14:10:23.165699','2013-03-13 02:59:00','2013-04-13 04:23:48.40497','2013-04-02 16:06:33.018896','0','0','166621','Diagramação dos diagramas de classe, sequencia, navegacional, pacotes e caso de uso.','123648','2','281068','2','0','26','2','','281067',NULL,NULL,NULL,NULL,NULL,'0','4423'),
('3312586','Criação do banco de dados e JPA','474307','0','2013-03-19 03:53:01.341677','2013-03-22 02:59:00','2013-04-13 04:22:56.792471','2013-03-26 00:33:41.621707','960','0','157583','Criação do banco de dados, com base nos diagramas de classe e MER.
Após a criação do banco cria as classes de persistência no netbeans, para todas as tabelas. ','123648','2','281068','1','0','34','2','','281068',NULL,NULL,NULL,NULL,'0','0','290'),
('3312585','CRUD Acervo','474307','0','2013-03-19 03:50:15.683664','2013-03-21 02:59:00','2013-04-13 04:22:31.421039','2013-04-12 01:07:11.096915','480','0','169517','Criação do CRDU acervo.','123648','0','281068','0','0','33','2','','281068',NULL,NULL,NULL,NULL,'0','0','500'),
('3301232','Desenvolvimento do Banco de Dados','474307','0','2013-03-13 23:00:49.279943','2013-03-19 02:59:00','2013-04-13 04:20:10.006587','2013-03-16 20:47:28.4414','0','0','157583','','123648','0','281068','0','0','30','2','','281066',NULL,NULL,NULL,NULL,NULL,'0','319'),
('3080519','Diagrama de caso de uso','470146','0','2012-12-04 23:51:52.229063',NULL,'2013-04-12 19:23:45.711435','2012-12-05 00:23:40.305713','0','0','157584','','123648','0','281068','0','0','9','2','Geovana Veloso','281067',NULL,NULL,NULL,NULL,NULL,'0','217'),
('3268493','Organização do Repositório','470146','0','2013-03-01 16:07:11.942747',NULL,'2013-04-12 19:23:34.482439','2013-03-01 16:59:35.644386','0','0','169482','Organização do repositório do projeto.','123648','0','281068','0','3','25','2','Geovana Veloso','281067',NULL,NULL,NULL,NULL,NULL,'0','97'),
('3072402','Erro na versão do SVN do Tortoise e RapidSVN','470146','0','2012-12-01 17:14:56.139264','2013-03-01 02:59:00','2013-04-12 19:23:20.596876','2012-12-04 14:33:28.359075','1620','0','169482','Pessoal,
tem um pequeno problema quanto usar sw de versionamento diferente.
Por que? Porque o Tortoise usa a última versão do SVN que saiu (se não me engano é a 1.7). Já o Rapid utiliza a 1.2 ou 1.3 que é quand foi o Release (O linux não atualiza automaticamente o svn do RapidSVN)

Não cheguei ler fundo a respeito mas tenho esse blog que poderá ajudar:
 
http://sabiotriste.wordpress.com/2010/04/29/resolvendo-problema-entre-rapidsvn-e-tortoise-no-ubuntu-9-04/

Fonte do erro: https://groups.google.com/forum/?fromgroups=#!topic/ubuntubrasil/s0-vR44VmeM','123648','1','281068','0','2','7','2','Suporte TI','280894',NULL,NULL,NULL,NULL,NULL,'0','0'),
('3081287','Documentação do plano de projeto','470146','0','2012-12-05 11:04:38.545177','2012-12-18 01:59:00','2013-04-12 19:21:57.890422','2013-03-06 00:39:25.627763','1440','0','156877','','123648','0','281068','0','0','12','2','','281068',NULL,NULL,NULL,NULL,NULL,'0','0'),
('3077417','Criação de Logomarca','470146','0','2012-12-04 02:46:59.853012','2012-12-06 01:59:00','2013-04-12 19:21:20.334561','2012-12-04 23:52:12.106551','0','0','156877','Criação de logomarca baseada nos conceitos de brainstorm feitos pelo grupo.','123648','0','281068','0','1','8','2','Elias','280894',NULL,NULL,NULL,NULL,NULL,'0','81'),
('3049166','Requisitos Não Funcionais','470146','0','2012-11-21 00:40:23.855019','2012-11-25 01:59:00','2013-04-12 19:21:08.015056','2013-03-25 19:09:30.427576','1440','0','157584','Definir os requisitos não funcionais do sistema e descrever conforme pdf mostrado na sala da aula (Anexar depois)','123648','1','281068','2','0','2','2','Elias Fernandes','280894','jujucostasilva@hotmail.com',NULL,NULL,NULL,NULL,'0','1596'),
('3060854','Correção do documento de requisitos','470146','0','2012-11-26 23:47:47.555819','2012-11-27 01:59:00','2013-04-12 19:20:47.334059','2012-11-28 21:44:45.542891','120','0','157584','Correção do documento de requisitos, faltavam pesquisas e consultas.','123648','0','281068','0','0','4','2','Juliana','281068',NULL,NULL,NULL,NULL,NULL,'0','53'),
('3049170','Requisito Suplementar','470146','0','2012-11-21 00:43:03.882202','2012-11-24 01:59:00','2013-04-12 19:20:08.00865','2012-11-26 21:23:05.89309','960','0','157584','Definir Requisito Suplmentar','123648','1','281068','2','0','3','2','Elias Fernandes','280894',NULL,NULL,NULL,NULL,NULL,'0','150'),
('3049164','Requisitos Funcionais','470146','0','2012-11-21 00:37:07.787317','2012-11-28 01:59:00','2013-04-12 19:19:44.33051','2012-11-25 16:35:21.020702','480','0','157584','Criar os Requisitos Funcionais.
Enumerar cada requisito e depois separado, dar a descrição detalhada','123648','3','281068','1','0','1','2','Elias Fernandes','280894',NULL,NULL,NULL,NULL,NULL,'0','248'),
('3081372','GUI','474312','0','2012-12-05 11:30:19.023537','2013-04-13 02:59:00','2013-04-12 19:13:25.754679','2013-04-12 19:13:25.753594','480','0','0','','123648','0','281068','0','0','19','4','','281068',NULL,NULL,NULL,NULL,'0','0','0'),
('3081373','Classes básicas','474307','0','2012-12-05 11:32:12.147608','2013-03-19 02:59:00','2013-04-12 19:12:35.813663','2013-03-19 14:16:38.084314','1920','0','166621','Criação das classes básicas do sistemas, com base no diagrama de classes e no banco de dados.','123648','0','281068','0','0','20','2','','281068',NULL,NULL,NULL,NULL,'0','0','20'),
('3081303','Modelagem da arquitetura','474307','0','2012-12-05 11:09:17.528773','2012-12-23 01:59:00','2013-04-02 15:48:02.988605','2013-03-06 04:37:30.780546','1920','0','157583','Desenvolver a ideia do banco de dados através de vários tipos de diagramas, discutir as interações e situações que possam ocorrer.
Analisar as ações que o sistema deve realizar, e modelar base que possibilite estas ações.','123648','0','281067','0','0','13','2','','281068',NULL,NULL,NULL,NULL,NULL,'0','332'),
('3066717','Cronograma do Projeto','470146','0','2012-11-28 22:17:09.815442','2012-12-06 01:59:00','2013-04-02 15:45:23.401725','2012-12-04 23:59:59.524592','0','0','156877','Deve ser definido o cronograma geral do projeto.','123648','0','281067','0','0','6','2','Geovana Veloso','281067',NULL,NULL,NULL,NULL,NULL,'0','712'),
('3081234','Escopo do problema','470146','0','2012-12-05 10:50:08.194327','2012-12-26 01:59:00','2013-03-25 20:21:15.170365','2013-02-26 01:05:38.529496','1440','0','157584','Descrição das rotinas  mais complexas do sistema, e ação esperada para tratar estes artefatos.

Criar caso de uso expandido com base no documento de requisitos.','123648','1','281067','2','0','10','2','Geovana Veloso','281068',NULL,NULL,NULL,NULL,NULL,'0','522'),
('3314373','CRUD Pessoa','474307','0','2013-03-19 17:11:18.462475','2013-03-20 02:59:00','2013-03-25 20:12:45.166496','2013-03-19 17:13:19.738571','0','0','166621','Criação do crud Pessoa','123648','0','281067','0','0','36','2',NULL,'281067',NULL,NULL,NULL,NULL,NULL,'0','339'),
('3060885','Padrão de Projeto','470146','0','2012-11-27 00:41:29.744937','2012-12-06 01:59:00','2013-03-25 18:58:36.622556','2012-11-29 00:33:14.952197','480','0','156877','Criar Documento com as nomenclatura das classes, atributos, metodos etc

*A criação do Padrão de Projeto (Design Patterns) deverá suprir os problemas que irão surgir na modelagem de projetos.

Para mais informacoes, acesse: http://www.guj.com.br/articles/137','123648','0','281066','0','1','5','2','Elias Fernandes','280894',NULL,NULL,NULL,NULL,NULL,'0','176'),
('3300360','Criação do Projeto em Netbeans em Repositório SVN','474307','0','2013-03-13 18:12:30.220748',NULL,'2013-03-19 05:02:37.867939','2013-03-19 05:02:37.866157','0','0','166621','Criação do Projeto em JSF para equipe trabalhar usando técnicas de subversion.','123648','0','281068','0','0','29','2','Juliana Silva','280894',NULL,NULL,NULL,NULL,NULL,'0','520'),
('3081254','Estudo de viabilidade','470146','0','2012-12-05 10:55:31.672648','2012-12-13 01:59:00','2013-03-17 04:03:33.239756','2013-03-17 04:03:33.237854','480','0','157584','Analise de quão importante é o projeto:
Qual impacto terá onde será implantado?
Quais mudanças causará?
Como é realizada a mesma ação hoje?
Possuímos conhecimento necessário para realizar este projeto?
Quais ferramentas, hardware ou software precisaremos?
Temos tudo o que precisamos?','123648','0','281068','0','0','11','2','','281068',NULL,NULL,NULL,NULL,NULL,'0','1920'),
('3300350','Diagrama Navegacional ','474307','0','2013-03-13 18:08:25.176609','2013-03-12 02:59:00','2013-03-13 18:10:46.672038','2013-03-13 18:10:46.551305','300','0','157583','Diagrama navegacional versao 1.0','123648','1','280894','0','0','28','2','Elias Fernandes ','280894',NULL,NULL,NULL,NULL,NULL,'0','405');

###################
# Dumping table todos
###################

;

###################
# Dumping table topics
###################

;

###################
# Dumping table views
###################

INSERT INTO `views` VALUES ('52932','','123648','281068','0','0','244447','0','0','281068','','-1','-1',NULL,'1','-10','-10',NULL),
('52931','','123648','281068','0','0','244447','0','0','280894','','-1','-1',NULL,'1','-10','-10',NULL),
('52925','','123648','281068','0','4','244447','474312','0','0','','-1','-1',NULL,'0','-10','-10',NULL);

###################
# Dumping table widgets
###################

INSERT INTO `widgets` VALUES ('1433871','123648','280894','Novas Tarefas','0','5','0','date',NULL,NULL,'1','0','1','1','2012-11-20 01:23:01.775218','2013-03-13 18:05:02.31094',NULL),
('1434741','123648','281067','Principais Tarefas','0','5','1','priority',NULL,NULL,'0','0','0','1','2012-11-21 00:23:58.514215','2012-11-21 00:23:58.514215',NULL),
('1434742','123648','281067','Novas Tarefas','0','5','0','date',NULL,NULL,'0','0','1','1','2012-11-21 00:23:58.516726','2012-11-21 00:23:58.516726',NULL),
('1434743','123648','281067','Atividades Recentes','2','20',NULL,NULL,NULL,NULL,'0','2','0','1','2012-11-21 00:23:58.519102','2012-11-21 00:23:58.519102',NULL),
('1434744','123648','281067','Tarefas abertas','3','7','1',NULL,NULL,NULL,'0','1','0','1','2012-11-21 00:23:58.521542','2012-11-21 00:23:58.521542',NULL),
('1434745','123648','281067','Projetos','1','0',NULL,NULL,NULL,NULL,'0','1','1','1','2012-11-21 00:23:58.523835','2012-11-21 00:23:58.523835',NULL),
('1433870','123648','280894','Principais Tarefas','0','5','1','priority',NULL,NULL,'0','0','0','1','2012-11-20 01:23:01.767914','2012-11-20 01:23:01.767914',NULL),
('1433872','123648','280894','Atividades Recentes','2','20',NULL,NULL,NULL,NULL,'0','2','0','1','2012-11-20 01:23:01.778287','2012-11-20 01:23:01.778287',NULL),
('1433873','123648','280894','Tarefas abertas','3','7','1',NULL,NULL,NULL,'0','1','0','1','2012-11-20 01:23:01.781482','2012-11-20 01:23:01.781482',NULL),
('1434746','123648','281068','Principais Tarefas','0','5','1','priority',NULL,NULL,'0','0','0','1','2012-11-21 00:25:30.100361','2012-11-21 00:25:30.100361',NULL),
('1434747','123648','281068','Novas Tarefas','0','5','0','date',NULL,NULL,'0','0','1','1','2012-11-21 00:25:30.102557','2012-11-21 00:25:30.102557',NULL),
('1434748','123648','281068','Atividades Recentes','2','20',NULL,NULL,NULL,NULL,'0','2','0','1','2012-11-21 00:25:30.10451','2012-11-21 00:25:30.10451',NULL),
('1434749','123648','281068','Tarefas abertas','3','7','1',NULL,NULL,NULL,'0','1','0','1','2012-11-21 00:25:30.106662','2012-11-21 00:25:30.106662',NULL),
('1434750','123648','281068','Projetos','1','0',NULL,NULL,NULL,NULL,'0','1','1','1','2012-11-21 00:25:30.108549','2012-11-21 00:25:30.108549',NULL),
('1434736','123648','281066','Principais Tarefas','0','5','1','priority',NULL,NULL,'0','0','0','1','2012-11-21 00:22:26.433872','2012-11-21 00:22:26.433872',NULL),
('1434737','123648','281066','Novas Tarefas','0','5','0','date',NULL,NULL,'0','0','1','1','2012-11-21 00:22:26.435876','2012-11-21 00:22:26.435876',NULL),
('1434738','123648','281066','Atividades Recentes','2','20',NULL,NULL,NULL,NULL,'0','2','0','1','2012-11-21 00:22:26.4376','2012-11-21 00:22:26.4376',NULL),
('1434739','123648','281066','Tarefas abertas','3','7','1',NULL,NULL,NULL,'0','1','0','1','2012-11-21 00:22:26.439309','2012-11-21 00:22:26.439309',NULL),
('1434740','123648','281066','Projetos','1','0',NULL,NULL,NULL,NULL,'0','1','1','1','2012-11-21 00:22:26.44099','2012-11-21 00:22:26.44099',NULL),
('1434756','123648','280894','Projetos','1','5',NULL,'pri',NULL,NULL,'1','0','0','1','2012-11-21 00:31:32.479471','2013-02-07 19:33:11.192778',NULL);

###################
# Dumping table wiki_pages
###################

;

###################
# Dumping table wiki_references
###################

;

###################
# Dumping table wiki_revisions
###################

;

###################
# Dumping table work_logs
###################

INSERT INTO `work_logs` VALUES ('13610620','280894','3049164','470146','123648','244447','2012-11-21 00:37:07.875462','0',NULL,'1',NULL,'0','0'),
('13610627','280894','3049166','470146','123648','244447','2012-11-21 00:40:23.946243','0',NULL,'1',NULL,'0','0'),
('13610634','280894','3049170','470146','123648','244447','2012-11-21 00:43:03.965458','0',NULL,'1',NULL,'0','0'),
('13665307','281068','3060854','470146','123648','244447','2012-11-26 23:47:47.666148','0',NULL,'1',NULL,'0','0'),
('13665585','280894','3060885','470146','123648','244447','2012-11-27 00:41:29.830123','0',NULL,'1',NULL,'0','0'),
('13693390','281067','3066717','470146','123648','244447','2012-11-28 22:17:09.965544','0',NULL,'1',NULL,'0','0'),
('13721953','280894','3072402','470146','123648','244447','2012-12-01 17:14:56.241334','0',NULL,'1',NULL,'0','0'),
('13742070','280894','3077417','470146','123648','244447','2012-12-04 02:47:00.097242','0',NULL,'1',NULL,'0','0'),
('13756335','281067','3080519','470146','123648','244447','2012-12-04 23:51:52.366003','0',NULL,'1',NULL,'0','0'),
('13759796','281068','3081234','470146','123648','244447','2012-12-05 10:50:08.296722','0',NULL,'1',NULL,'0','0'),
('13759867','281068','3081254','470146','123648','244447','2012-12-05 10:55:31.723074','0',NULL,'1',NULL,'0','0'),
('13759996','281068','3081287','470146','123648','244447','2012-12-05 11:04:38.881285','0',NULL,'1',NULL,'0','0'),
('14609959','281067','3268493','470146','123648','244447','2013-03-01 16:07:12.023621','0',NULL,'1',NULL,'0','0'),
('13610640','280894','3049164','470146','123648','244447','2012-11-21 00:43:55.649937','0','- <strong>Status</strong>: Open -> Closed
','2',NULL,'0','0'),
('13650455','281067','3049164','470146','123648','244447','2012-11-22 04:16:00','14880','- <strong>Status</strong>: In Progress -> Closed
','2',NULL,'299417','1'),
('13651338','281068','3049166','470146','123648','244447','2012-11-25 22:20:06.393027','0','- <strong>Due</strong>: Sábado, 24 Novembro 2012 -> Sábado, 24 Novembro 2012
- <strong>Status</strong>: In Progress -> Closed
- <strong>Attached</strong>: REQUISITOS_FUNCIONAIS_Não_funcionais.docx

Restrições tecnológicas e lógicas descritas no corpo de cada requisito.
Acrescentei o requisito cadastro de novos atendentes, que não existia no relatório. A Geovana já havia descrito para alguns requisitos tais restrições, alterei, complementei algumas.','2',NULL,'0','1'),
('13664429','281066','3049170','470146','123648','244447','2012-11-26 21:23:05.892996','0','- <strong>Status</strong>: Open -> Closed
','2',NULL,'0','0'),
('13693128','281067','3060854','470146','123648','244447','2012-11-28 21:44:45.542796','0','- <strong>Status</strong>: In Progress -> Closed
','2',NULL,'0','0'),
('13693986','280894','3060885','470146','123648','244447','2012-11-28 22:04:21.920024','7661','- <strong>Status</strong>: In Progress -> Closed
','2',NULL,'0','0'),
('13694112','280894','3060885','470146','123648','244447','2012-11-29 00:14:00','1113','','2',NULL,'0','0'),
('13748932','281067','3072402','470146','123648','244447','2012-12-04 14:33:28.35902','0','- <strong>Status</strong>: Open -> Closed
','2',NULL,'0','0'),
('13756531','281067','3080519','470146','123648','244447','2012-12-04 23:51:00','7380','- <strong>Status</strong>: In Progress -> Closed
','2',NULL,'0','1'),
('13756336','281067','3077417','470146','123648','244447','2012-12-04 23:52:12.106457','0','- <strong>Status</strong>: In Progress -> Closed
','2',NULL,'0','0'),
('13756378','281068','3066717','470146','123648','244447','2012-12-04 23:59:59.572917','0','- <strong>Status</strong>: Open -> Closed
','2',NULL,'0','0'),
('14533586','281067','3081234','470146','123648','244447','2013-02-23 20:57:08.102274','0','- <strong>Status</strong>: In Progress -> Closed
','2',NULL,'0','0'),
('14553704','281067','3081234','470146','123648','244447','2013-02-26 01:05:38.529384','0','- <strong>Status</strong>: In Progress -> Closed
','2',NULL,'0','0'),
('14610850','281067','3268493','470146','123648','244447','2013-03-01 16:07:00','5820','','2',NULL,'0','0'),
('14657389','281068','3081287','470146','123648','244447','2013-03-06 00:39:25.627649','0','- <strong>Status</strong>: Open -> Closed
','2',NULL,'0','0'),
('14657425','281068','3081254','470146','123648','244447','2013-03-06 00:45:33.684871','0','- <strong>Assignment</strong>: Unassigned
- <strong>Status</strong>: Open -> Invalid
','2',NULL,'0','0'),
('14797839','281068','3081254','470146','123648','244447','2013-03-17 04:01:20.212161','0','- <strong>Assignment</strong>: Unassigned
- <strong>Status</strong>: Open -> Closed

Tarefa feita em equipe','2',NULL,'0','1'),
('14797844','281068','3081254','470146','123648','244447','2013-03-17 04:03:33.305406','0','- <strong>Status</strong>: Open -> Closed
','2',NULL,'0','0'),
('14900175','281068','3049166','470146','123648','244447','2013-03-25 19:09:30.456039','0','- <strong>Status</strong>: Open -> Closed
','2',NULL,'0','0'),
('13610642','280894','3049164','470146','123648','244447','2012-11-21 00:44:41.093063','0','- <strong>Status</strong>: Closed -> Open
','3',NULL,'0','0'),
('13694005','280894','3060885','470146','123648','244447','2012-11-29 00:14:15.157798','0','- <strong>Status</strong>: Closed -> Open
- <strong>Attached</strong>: Padrao_de_Projeto_v1.docx

Criado Padrão de projeto para Componentes Gráficos e Lógicos do Sistema Web','3',NULL,'0','1'),
('14533593','281067','3081234','470146','123648','244447','2013-02-23 21:00:00.184543','0','- <strong>Due</strong>: Quarta, 19 Dezembro 2012 -> Terça, 25 Dezembro 2012
- <strong>Status</strong>: Closed -> Open

Criar os fluxos alternativos do caso de uso expandido.','3',NULL,'0','1'),
('14797831','281068','3081254','470146','123648','244447','2013-03-17 03:58:41.137467','0','- <strong>Assignment</strong>: Unassigned
- <strong>Status</strong>: Invalid -> Open
','3',NULL,'0','0'),
('14797841','281068','3081254','470146','123648','244447','2013-03-17 04:01:57.868567','0','- <strong>Assignment</strong>: Juliana Costa Silva
- <strong>Status</strong>: Closed -> Open
','3',NULL,'0','0'),
('14900169','281068','3049166','470146','123648','244447','2013-03-25 19:09:11.908698','0','- <strong>Status</strong>: Closed -> Open
','3',NULL,'0','0'),
('13610636','280894','3049164','470146','123648','244447','2012-11-21 00:43:34.69406','0','- <strong>Assignment</strong>: Elias Fernandes, Geovana Veloso
- <strong>Estimate</strong>: 1semanas 1d -> 1d
','5',NULL,'0','0'),
('13610644','280894','3049164','470146','123648','244447','2012-11-21 00:45:46.786618','0','- <strong>Estimate</strong>: 1d -> 1semanas 1d
- <strong>Dependencies</strong>: [#2] Requisitos Não Funcionais, [#3] Requisito Suplementar','5',NULL,'0','0'),
('13664441','280894','3049164','470146','123648','244447','2012-11-26 21:25:37.644347','0','- <strong>Estimate</strong>: 1semanas 1d -> 1d
- <strong>Attached</strong>: REQUISITOS_FUNCIONAIS_Não_funcionais.docx

Alterado os itens seguintes: 1,3,4,5 
Adicionados o seguinte item: 9','5',NULL,'0','1'),
('13694111','280894','3060885','470146','123648','244447','2012-11-29 00:32:42.090678','0','- <strong>Attached</strong>: Padrao_de_Projeto_v2.docx

Adicionado a regra para padrão no banco de dados','5',NULL,'0','1'),
('13755829','281066','3060885','470146','123648','244447','2012-12-04 22:27:34.703285','0','- <strong>Due</strong>: Quarta, 05 Dezembro 2012 -> Quarta, 05 Dezembro 2012
- <strong>Attached</strong>: Padrao_de_Projeto_v3.docx
','5',NULL,'0','0'),
('13756337','281066','3049164','470146','123648','244447','2012-12-04 23:52:17.830608','0','- <strong>Due</strong>: Terça, 27 Novembro 2012 -> Terça, 27 Novembro 2012
- <strong>Attached</strong>: Documento_de_Requisitos.docx
','5',NULL,'0','0'),
('13759874','281068','3081234','470146','123648','244447','2012-12-05 10:55:56.695529','0','- <strong>Assignment</strong>: Unassigned
','5',NULL,'0','0'),
('13759889','281068','3081234','470146','123648','244447','2012-12-05 10:57:07.4091','0','- <strong>Assignment</strong>: Unassigned
- <strong>Dependencies</strong>: [#11] Estudo de viabilidade','5',NULL,'0','0'),
('13759957','281068','3081254','470146','123648','244447','2012-12-05 11:01:44.842807','0','- <strong>Assignment</strong>: Unassigned
- <strong>Dependencies</strong>: [#10] Escopo do problema','5',NULL,'0','0'),
('13759970','281068','3081234','470146','123648','244447','2012-12-05 11:02:23.390175','0','- <strong>Assignment</strong>: Unassigned
- <strong>Dependencies</strong>: Nenhum','5',NULL,'0','0'),
('13760007','281068','3081287','470146','123648','244447','2012-12-05 11:04:55.995049','0','- <strong>Estimate</strong>: 1semanas 3d -> 3d
','5',NULL,'0','0'),
('13760082','281068','3081287','470146','123648','244447','2012-12-05 11:09:36.153476','0','- <strong>Due</strong>: Sexta-feira, 21 Dezembro 2012 -> Segunda-feira, 17 Dezembro 2012
','5',NULL,'0','0'),
('13760100','281068','3081254','470146','123648','244447','2012-12-05 11:11:03.986311','0','- <strong>Assignment</strong>: Unassigned
- <strong>Milestone</strong>: None -> Documentar do projeto
','5',NULL,'0','0'),
('13760108','281068','3081234','470146','123648','244447','2012-12-05 11:11:28.042351','0','- <strong>Assignment</strong>: Unassigned
- <strong>Milestone</strong>: None -> Documentar do projeto
','5',NULL,'0','0'),
('14335343','281068','3081234','470146','123648','244447','2013-02-06 00:20:15.247413','0','- <strong>Description</strong> changed
- <strong>Assignment</strong>: Elias Fernandes, Maikon Marin, Geovana Veloso, Juliana Costa Silva
- <strong>Estimate</strong>: 3d -> 2semanas 3d
- <strong>Due</strong>: Domingo, 09 Dezembro 2012 -> Terça, 18 Dezembro 2012
- <strong>Priority</strong>: Normal -> High
- <strong>Severity</strong>: Normal -> Critical
- <strong>Type</strong>: Task -> New Feature
','5',NULL,'0','0'),
('14335354','281068','3081234','470146','123648','244447','2013-02-06 00:23:33.207015','0','- <strong>Estimate</strong>: 2semanas 3d -> 3d

Requisitos divididos da seguinte forma:
Geovnava - 1 ao 4
Maikon - 5 ao 8
Elias - 9 ao 12
Juliana - 13 ao 17','5',NULL,'0','1'),
('14421862','280894','3081234','470146','123648','244447','2013-02-14 13:51:02.604311','0','- <strong>Due</strong>: Terça, 18 Dezembro 2012 -> Terça, 18 Dezembro 2012
- <strong>Attached</strong>: Casos_de_uso_expandido.doc

Pessoal,
não consegue dar um Commit pelo RapidSVN.. então coloquei o meu caso de uso aqui. Qualquer dúvida, poste aqui','5',NULL,'0','1'),
('14817525','281068','3081234','470146','123648','244447','2013-03-19 05:00:36.819535','0','- <strong>Type</strong>: New Feature -> Task
','5',NULL,'0','0'),
('15122766','281068','3049164','470146','123648','244447','2013-04-12 19:19:44.397395','0','- <strong>Milestone</strong>: None -> Documentar do projeto
','5',NULL,'0','0'),
('15122772','281068','3049170','470146','123648','244447','2013-04-12 19:20:08.077672','0','- <strong>Milestone</strong>: None -> Documentar do projeto
- <strong>Due</strong>: Sexta-feira, 23 Novembro 2012 -> Sexta-feira, 23 Novembro 2012
','5',NULL,'0','0'),
('15122779','281068','3060854','470146','123648','244447','2013-04-12 19:20:47.388268','0','- <strong>Assignment</strong>: Elias Fernandes, Maikon Marin, Geovana Veloso, Juliana Costa Silva
- <strong>Milestone</strong>: None -> Documentar do projeto
','5',NULL,'0','0'),
('15122788','281068','3049166','470146','123648','244447','2013-04-12 19:21:08.066486','0','- <strong>Milestone</strong>: None -> Documentar do projeto
','5',NULL,'0','0'),
('15122796','281068','3077417','470146','123648','244447','2013-04-12 19:21:20.391864','0','- <strong>Milestone</strong>: None -> Padrao de Projeto
- <strong>Due</strong>: Quarta, 05 Dezembro 2012 -> Quarta, 05 Dezembro 2012
','5',NULL,'0','0'),
('15122807','281068','3081287','470146','123648','244447','2013-04-12 19:21:58.002229','0','- <strong>Milestone</strong>: None -> Padrao de Projeto
- <strong>Attached</strong>: Padrao_de_Projeto_v2.docx
','5',NULL,'0','0'),
('15122833','281068','3072402','470146','123648','244447','2013-04-12 19:23:20.623928','0','- <strong>Estimate</strong>: 1sem 3d 3h -> 3d 3h
- <strong>Milestone</strong>: None -> Versionamento
','5',NULL,'0','0'),
('15122836','281068','3268493','470146','123648','244447','2013-04-12 19:23:34.523466','0','- <strong>Milestone</strong>: None -> Versionamento
','5',NULL,'0','0'),
('15122840','281068','3080519','470146','123648','244447','2013-04-12 19:23:45.753569','0','- <strong>Milestone</strong>: None -> Documentar do projeto
','5',NULL,'0','0'),
('13665309','281068','3049166','470146','123648','244447','2012-11-25 21:11:42.366549','95780',NULL,'7',NULL,'0','0'),
('13665583','281068','3060854','470146','123648','244447','2012-11-26 23:48:00','3206','','7',NULL,'0','0'),
('13742104','280894','3077417','470146','123648','244447','2012-12-04 02:47:40.695924','1006',NULL,'7',NULL,'0','0'),
('13742102','280894','3077417','470146','123648','244447','2012-12-04 03:03:00','3900','','7',NULL,'0','0'),
('14797833','281068','3081254','470146','123648','244447','2012-12-05 02:58:00','57600','Trabalho realizado com a equipe','7',NULL,'0','1'),
('14797843','281068','3081254','470146','123648','244447','2012-12-15 03:02:00','57600','Documentação solicitada entregue','7',NULL,'0','1'),
('14391507','281067','3081234','470146','123648','244447','2013-02-11 21:22:00','3480','Feito os casos de usos expandidos 1,2,3 e 4.
','7',NULL,'0','1'),
('14533638','281067','3081234','470146','123648','244447','2013-02-23 21:00:00','6180','Feito os fluxos alternativos dos casos expandidos 1,2,3 e 4.','7',NULL,'0','1'),
('14552855','281067','3081234','470146','123648','244447','2013-02-25 22:56:00','14460','','7',NULL,'0','0'),
('14832977','281068','3066717','470146','123648','244447','2013-03-07 00:49:00','10800','Adequações do cronograma com o metodologia','7',NULL,'0','1'),
('14797842','281068','3081254','470146','123648','244447','2013-03-17 01:02:09.634453','0',NULL,'7',NULL,'0','0'),
('14817520','281068','3066717','470146','123648','244447','2013-03-19 01:58:09.92552','0',NULL,'7',NULL,'0','0'),
('14817521','281068','3066717','470146','123648','244447','2013-03-19 04:59:23.747432','18000','Em aula a equipe definiu as datas planejadas da primeira versão do cronograma','7',NULL,'0','1'),
('14899431','281066','3049170','470146','123648','244447','2013-03-25 18:34:00','7200','','7',NULL,'0','0'),
('14899479','281066','3049170','470146','123648','244447','2013-03-25 18:36:00','1800','','7',NULL,'0','0'),
('14899654','281066','3080519','470146','123648','244447','2013-03-25 18:43:00','5640','','7',NULL,'0','0'),
('14899870','281066','3081234','470146','123648','244447','2013-03-25 18:53:00','7200','','7',NULL,'0','0'),
('14899887','281066','3066717','470146','123648','244447','2013-03-25 18:54:00','3600','','7',NULL,'0','0'),
('14899966','281066','3060885','470146','123648','244447','2013-03-25 18:58:00','1800','','7',NULL,'0','0'),
('14978396','281067','3066717','470146','123648','244447','2013-04-02 15:45:00','10320','','7',NULL,'0','0'),
('13760077','281068','3081303','474307','123648','244447','2012-12-05 11:09:17.597448','0',NULL,'1',NULL,'0','0'),
('13760205','281068','3081328','474307','123648','244447','2012-12-05 11:18:05.006135','0',NULL,'1',NULL,'0','0'),
('13760401','281068','3081373','474307','123648','244447','2012-12-05 11:32:12.203752','0',NULL,'1',NULL,'0','0'),
('14664473','281067','3280505','474307','123648','244447','2013-03-06 14:10:23.240724','0',NULL,'1',NULL,'0','0'),
('14707742','281067','3289239','474307','123648','244447','2013-03-09 16:47:40.994677','0',NULL,'1',NULL,'0','0'),
('14758332','280894','3300350','474307','123648','244447','2013-03-13 18:08:25.594147','0','Foi feito diagrama com base nas informações contidas nas prototipações de telas','1',NULL,'0','1'),
('14758391','280894','3300360','474307','123648','244447','2013-03-13 18:12:30.310765','0',NULL,'1',NULL,'0','0'),
('14762477','281066','3301232','474307','123648','244447','2013-03-13 23:00:49.336501','0',NULL,'1',NULL,'0','0'),
('14799283','281067','3308968','474307','123648','244447','2013-03-17 19:39:51.851306','0',NULL,'1',NULL,'0','0'),
('14817362','281068','3312585','474307','123648','244447','2013-03-19 03:50:15.802827','0',NULL,'1',NULL,'0','0'),
('14817366','281068','3312586','474307','123648','244447','2013-03-19 03:53:01.477349','0',NULL,'1',NULL,'0','0'),
('14823289','281068','3313684','474307','123648','244447','2013-03-19 14:10:00.659598','0',NULL,'1',NULL,'0','0'),
('14826801','281067','3314373','474307','123648','244447','2013-03-19 17:11:18.560395','0',NULL,'1',NULL,'0','0'),
('14882721','280894','3325936','474307','123648','244447','2013-03-23 17:51:08.298536','0','Comecei a pesquisar na sexta-feira (dia 22/03) por volta das 16:30hs','1',NULL,'0','1'),
('14894307','280894','3328223','474307','123648','244447','2013-03-25 14:15:23.845381','0',NULL,'1',NULL,'0','0'),
('14978803','281067','3346103','474307','123648','244447','2013-04-02 16:10:05.892691','0','Devido ao público alvo foi decidido que todo o layout e mensagens devem ser em português.','1',NULL,'0','1'),
('15128657','280894','3378331','474307','123648','244447','2013-04-14 00:10:18.235596','0',NULL,'1',NULL,'0','0'),
('14657390','281068','3081303','474307','123648','244447','2013-03-06 00:39:26.722621','0','- <strong>Status</strong>: Open -> Closed
','2',NULL,'0','0'),
('14658444','281066','3081303','474307','123648','244447','2013-03-06 04:37:30.822123','0','- <strong>Status</strong>: In Progress -> Closed
','2',NULL,'0','0'),
('14758356','280894','3300350','474307','123648','244447','2013-03-13 18:10:00','900','Concluído o diagrama Navegacional.','2',NULL,'0','1'),
('14797256','281066','3301232','474307','123648','244447','2013-03-16 18:11:25.522727','7644','- <strong>Status</strong>: In Progress -> Closed
','2',NULL,'1710','0'),
('14797792','281068','3280505','474307','123648','244447','2013-03-17 03:35:24.043534','0','- <strong>Status</strong>: In Progress -> Closed
','2',NULL,'0','0'),
('14797854','281068','3289239','474307','123648','244447','2013-03-17 04:09:16.173293','0','- <strong>Status</strong>: In Progress -> Invalid
','2',NULL,'0','0'),
('14826304','281067','3308968','474307','123648','244447','2013-03-17 19:40:40.03741','9011','- <strong>Status</strong>: In Progress -> Closed
','2',NULL,'0','0'),
('14817533','281068','3300360','474307','123648','244447','2013-03-19 05:02:37.944152','0','- <strong>Status</strong>: In Progress -> Closed
','2',NULL,'0','0'),
('14823396','280894','3081373','474307','123648','244447','2013-03-19 14:15:00','1200','Feito 2 versões de classes básicas de acordo com o Diagrama de Caso de Uso ','2',NULL,'0','1'),
('14826841','281067','3314373','474307','123648','244447','2013-03-19 17:13:19.738512','0','- <strong>Status</strong>: Open -> Closed
','2',NULL,'0','0'),
('14903987','281066','3312586','474307','123648','244447','2013-03-26 00:33:41.621614','0','- <strong>Status</strong>: In Progress -> Closed
','2',NULL,'0','0'),
('14935099','280894','3325936','474307','123648','244447','2013-03-26 13:25:00','36720','- <strong>Status</strong>: In Progress -> Closed
','2',NULL,'7740','1'),
('15110907','281066','3312585','474307','123648','244447','2013-04-01 17:57:47.158139','13808','- <strong>Status</strong>: In Progress -> Closed
','2',NULL,'0','0'),
('14978729','281067','3280505','474307','123648','244447','2013-04-02 16:06:33.056938','0','- <strong>Status</strong>: In Progress -> Closed
','2',NULL,'0','0'),
('14985286','281067','3346103','474307','123648','244447','2013-04-02 22:45:24.400064','0','- <strong>Status</strong>: In Progress -> Closed
','2',NULL,'0','0'),
('15110959','281066','3328223','474307','123648','244447','2013-04-12 01:14:24.974117','3','- <strong>Status</strong>: In Progress -> Closed
','2',NULL,'0','0'),
('15128659','280894','3378331','474307','123648','244447','2013-04-12 20:45:00','1800','','2',NULL,'0','0'),
('15126526','281068','3289239','474307','123648','244447','2013-04-13 04:21:43.938217','0','- <strong>Status</strong>: Open -> Duplicate
','2',NULL,'0','0'),
('15126562','281068','3081328','474307','123648','244447','2013-04-13 04:37:20.030217','0','- <strong>Status</strong>: In Progress -> Closed
','2',NULL,'0','0'),
('15128426','281067','3313684','474307','123648','244447','2013-04-13 20:58:00','9780','','2',NULL,'0','0'),
('14657474','281068','3081303','474307','123648','244447','2013-03-06 00:52:35.76219','0','- <strong>Status</strong>: Closed -> Open
','3',NULL,'0','0'),
('14978499','281067','3280505','474307','123648','244447','2013-04-02 15:51:01.377725','0','- <strong>Status</strong>: Closed -> Open
','3',NULL,'0','0'),
('15126525','281068','3289239','474307','123648','244447','2013-04-13 04:20:59.693964','0','- <strong>Status</strong>: Invalid -> Open
','3',NULL,'0','0'),
('14758422','280894','3300360','474307','123648','244447','2013-03-13 18:14:04.615509','0','- <strong>Description</strong> changed
- <strong>Milestone</strong>: None -> Projeto
- <strong>Status</strong>: Open -> In Progress

Criado no Ubuntu. Possivelmente pode dar problemas no Apache Tomcat','5',NULL,'0','1'),
('14797788','281068','3081328','474307','123648','244447','2013-03-17 03:32:35.800055','0','- <strong>Assignment</strong>: Elias Fernandes
- <strong>Estimate</strong>: 1sem 2d -> 2d
- <strong>Due</strong>: Sábado, 19 Janeiro 2013 -> Terça, 19 Março 2013
','5',NULL,'0','0'),
('14797820','281068','3081373','474307','123648','244447','2013-03-17 03:48:54.576546','0','- <strong>Due</strong>: Terça, 12 Fevereiro 2013 -> Terça, 12 Março 2013
','5',NULL,'0','0'),
('14797821','281068','3081373','474307','123648','244447','2013-03-17 03:51:03.522259','0','- <strong>Description</strong> changed
- <strong>Assignment</strong>: Elias Fernandes
- <strong>Due</strong>: Terça, 12 Março 2013 -> Segunda-feira, 18 Março 2013

Tarefa atribuída ao Elias por causa da ferramenta utilizada para automação destas classes. Astah Professional','5',NULL,'0','1'),
('14799285','281067','3308968','474307','123648','244447','2013-03-17 19:40:34.070954','0','- <strong>Project</strong>: Acervo de Imagens -> Modelagem de arquitetura
- <strong>Milestone</strong>: None -> Projeto
- <strong>Due</strong>: None -> Terça, 19 Março 2013
','5',NULL,'0','0'),
('14823292','281068','3313684','474307','123648','244447','2013-03-19 14:10:29.462442','0','- <strong>Estimate</strong>: 0m -> 2d
- <strong>Due</strong>: None -> Quarta, 20 Março 2013
','5',NULL,'0','0'),
('14823298','281068','3312586','474307','123648','244447','2013-03-19 14:10:43.618424','0','- <strong>Project</strong>: Acervo de Imagens -> Modelagem de arquitetura
','5',NULL,'0','0'),
('14823364','281068','3081373','474307','123648','244447','2013-03-19 14:14:15.662642','0','- <strong>Project</strong>: Versão de testes -> Modelagem de arquitetura
','5',NULL,'0','0'),
('14826803','281068','3312585','474307','123648','244447','2013-03-19 17:11:23.534827','0','- <strong>Project</strong>: Acervo de Imagens -> Versão de testes
','5',NULL,'0','0'),
('14826816','281068','3312585','474307','123648','244447','2013-03-19 17:11:57.946116','0','- <strong>Project</strong>: Versão de testes -> Modelagem de arquitetura
','5',NULL,'0','0'),
('14894349','280894','3328223','474307','123648','244447','2013-03-25 14:16:34.481006','0','- <strong>Project</strong>: Análise de Requisitos -> Modelagem de arquitetura
- <strong>Estimate</strong>: 0m -> 3h
- <strong>Milestone</strong>: None -> Projeto
- <strong>Due</strong>: None -> Segunda-feira, 25 Março 2013
- <strong>Priority</strong>: Normal -> High
- <strong>Severity</strong>: Normal -> Major
- <strong>Dependencies</strong>: [#22] Integração de módulos','5',NULL,'0','0'),
('14900227','281068','3312586','474307','123648','244447','2013-03-25 19:13:08.746312','0','- <strong>Due</strong>: Quarta, 20 Março 2013 -> Quinta, 21 Março 2013
','5',NULL,'0','0'),
('15110935','281066','3328223','474307','123648','244447','2013-04-12 01:13:55.737857','0','- <strong>Assignment</strong>: Elias Fernandes, Maikon Marin
','5',NULL,'0','0'),
('15122627','281068','3081373','474307','123648','244447','2013-04-12 19:12:35.8557','0','- <strong>Milestone</strong>: None -> Projeto
','5',NULL,'0','0'),
('15126523','281068','3313684','474307','123648','244447','2013-04-13 04:19:49.726155','0','- <strong>Milestone</strong>: None -> Integração módulos
','5',NULL,'0','0'),
('15126524','281068','3301232','474307','123648','244447','2013-04-13 04:20:10.046218','0','- <strong>Milestone</strong>: None -> Base de dados
','5',NULL,'0','0'),
('15126527','281068','3312585','474307','123648','244447','2013-04-13 04:22:31.442767','0','- <strong>Milestone</strong>: None -> Integração módulos
','5',NULL,'0','0'),
('15126528','281068','3312586','474307','123648','244447','2013-04-13 04:22:56.848007','0','- <strong>Milestone</strong>: None -> Base de dados
','5',NULL,'0','0'),
('15126530','281068','3280505','474307','123648','244447','2013-04-13 04:23:48.467862','0','- <strong>Milestone</strong>: None -> Projeto
','5',NULL,'0','0'),
('15126531','281068','3346103','474307','123648','244447','2013-04-13 04:24:06.854241','0','- <strong>Milestone</strong>: None -> Versão de testes
','5',NULL,'0','0'),
('15126532','281068','3289239','474307','123648','244447','2013-04-13 04:24:33.268419','0','- <strong>Milestone</strong>: None -> Projeto
','5',NULL,'0','0'),
('15126533','281068','3308968','474307','123648','244447','2013-04-13 04:25:12.14149','0','- <strong>Milestone</strong>: Projeto -> Integração módulos
','5',NULL,'0','0'),
('15126534','281068','3328223','474307','123648','244447','2013-04-13 04:25:46.907769','0','- <strong>Milestone</strong>: Projeto -> Integração módulos
','5',NULL,'0','0'),
('15126536','281068','3081328','474307','123648','244447','2013-04-13 04:26:14.173657','0','- <strong>Milestone</strong>: Base de dados -> Integração módulos
','5',NULL,'0','0'),
('15126537','281068','3325936','474307','123648','244447','2013-04-13 04:26:47.998521','0','- <strong>Milestone</strong>: Projeto -> Integração módulos
','5',NULL,'0','0'),
('14978439','281067','3081303','474307','123648','244447','2012-04-06 15:47:00','4980','','7',NULL,'0','0'),
('14758108','280894','3081328','474307','123648','244447','2013-02-26 17:00:00','10800','Criação da Interface e Visualizacao de Acesso aos conteúdos','7',NULL,'0','1'),
('14758144','280894','3081328','474307','123648','244447','2013-02-27 17:59:00','3000','Criacao dos módulos - login, pesquisa e Principal usuário','7',NULL,'0','1'),
('14797789','281068','3280505','474307','123648','244447','2013-03-03 03:33:00','201600','Geovana fez os diagramas solicitados no tempo estimado','7',NULL,'0','1'),
('14658442','281066','3081303','474307','123648','244447','2013-03-06 00:53:09.763236','4177',NULL,'7',NULL,'9239','0'),
('14664615','281067','3280505','474307','123648','244447','2013-03-06 14:10:00','13560','','7',NULL,'0','0'),
('14673920','281067','3280505','474307','123648','244447','2013-03-06 14:17:00','16140','','7',NULL,'0','0'),
('14707758','281067','3280505','474307','123648','244447','2013-03-07 00:36:03.600734','9466',NULL,'7',NULL,'0','0'),
('14709020','281067','3289239','474307','123648','244447','2013-03-09 16:53:00','9720','Classes básicas feitas sem os métodos e sem os getter e setters.','7',NULL,'0','1'),
('14758182','280894','3081328','474307','123648','244447','2013-03-10 18:00:00','1800','Alteracao Módulo Acervo','7',NULL,'0','1'),
('14758334','280894','3300350','474307','123648','244447','2013-03-10 18:08:00','9000','Problemas ao instalar o Visio no Windows;
Dificuldade em usar o plugin solicitado;
Dificuldade em gerir o primeiro protótipo','7',NULL,'0','1'),
('14817369','281068','3300360','474307','123648','244447','2013-03-11 03:53:00','28800','Criação do projeto e integração entre netbenas e SVN','7',NULL,'0','1'),
('14758347','280894','3300350','474307','123648','244447','2013-03-11 18:09:00','14400','Criado a versão 1.0','7',NULL,'0','1'),
('14758429','280894','3300360','474307','123648','244447','2013-03-12 18:14:00','2400','Criado com Sucesso no Ubuntu.','7',NULL,'0','1'),
('14758068','280894','3081328','474307','123648','244447','2013-03-13 00:20:00','5400','Criaçao dos Modulos de Cadastro Acervo','7',NULL,'0','1'),
('14758044','280894','3081328','474307','123648','244447','2013-03-13 03:20:00','7800','Criação dos modulos de cadastro','7',NULL,'0','1'),
('14796881','281066','3301232','474307','123648','244447','2013-03-13 23:03:43.310163','4328',NULL,'7',NULL,'237317','0'),
('14796477','281067','3280505','474307','123648','244447','2013-03-13 23:06:00','9540','Alteração nos diagramas de classe e de sequencia.','7',NULL,'0','1'),
('14832698','281067','3280505','474307','123648','244447','2013-03-16 00:04:00','14220','','7',NULL,'0','0'),
('14797791','281068','3280505','474307','123648','244447','2013-03-17 00:35:02.895383','0',NULL,'7',NULL,'0','0'),
('14832678','281067','3308968','474307','123648','244447','2013-03-18 17:08:00','13800','','7',NULL,'0','0'),
('14817500','281068','3081373','474307','123648','244447','2013-03-19 01:50:29.712838','0',NULL,'7',NULL,'0','0'),
('14817566','280894','3081328','474307','123648','244447','2013-03-19 04:19:00','3251','Atualizando Template','7',NULL,'0','1'),
('14826745','281067','3308968','474307','123648','244447','2013-03-19 14:08:28.700539','0',NULL,'7',NULL,'0','0'),
('14826976','280894','3313684','474307','123648','244447','2013-03-19 14:17:08.031233','5093',NULL,'7',NULL,'0','0'),
('14901379','281067','3314373','474307','123648','244447','2013-03-19 17:11:00','20340','','7',NULL,'0','0'),
('14900310','281066','3312586','474307','123648','244447','2013-03-19 18:20:00','4338','','7',NULL,'14079','0'),
('14894355','280894','3325936','474307','123648','244447','2013-03-23 17:51:19.786629','8483',NULL,'7',NULL,'0','0'),
('14895980','280894','3328223','474307','123648','244447','2013-03-25 14:16:00','5068','Criado com sucesso todas entidades, beans e views','7',NULL,'0','1'),
('14901321','281067','3314373','474307','123648','244447','2013-03-25 17:09:36.586297','0',NULL,'7',NULL,'0','0'),
('14899930','281066','3301232','474307','123648','244447','2013-03-25 18:56:00','7200','','7',NULL,'0','0'),
('14899986','281066','3081303','474307','123648','244447','2013-03-25 18:59:00','10800','','7',NULL,'0','0'),
('14900012','281066','3312586','474307','123648','244447','2013-03-25 19:00:00','7200','','7',NULL,'0','0'),
('14900117','281066','3312585','474307','123648','244447','2013-03-25 19:05:00','1800','','7',NULL,'0','0'),
('14900317','281066','3312586','474307','123648','244447','2013-03-25 19:18:00','5820','','7',NULL,'0','0'),
('14900322','281066','3312586','474307','123648','244447','2013-03-25 19:19:00','60','','7',NULL,'0','0'),
('14978436','281067','3081303','474307','123648','244447','2013-04-02 12:47:21.872396','0',NULL,'7',NULL,'0','0'),
('14978719','281067','3280505','474307','123648','244447','2013-04-02 15:51:00','890','','7',NULL,'0','0'),
('14985284','281067','3346103','474307','123648','244447','2013-04-02 16:10:43.473211','7967',NULL,'7',NULL,'0','0'),
('15110956','281066','3328223','474307','123648','244447','2013-04-03 01:16:00','21600','','7',NULL,'0','0'),
('15110951','281066','3328223','474307','123648','244447','2013-04-04 01:16:00','18000','','7',NULL,'0','0'),
('15110941','281066','3328223','474307','123648','244447','2013-04-06 01:14:00','18000','','7',NULL,'0','0'),
('15110928','281066','3328223','474307','123648','244447','2013-04-07 01:12:00','25200','','7',NULL,'0','0'),
('15128658','280894','3378331','474307','123648','244447','2013-04-12 00:10:00','7200','','7',NULL,'0','0'),
('15110906','281066','3312585','474307','123648','244447','2013-04-12 01:06:00','14400','','7',NULL,'0','0'),
('15128645','280894','3313684','474307','123648','244447','2013-04-12 13:08:00','14400','De acordo com Tutorial','7',NULL,'0','1'),
('15128664','280894','3313684','474307','123648','244447','2013-04-12 17:48:00','4200','','7',NULL,'0','0'),
('15128667','280894','3313684','474307','123648','244447','2013-04-14 00:12:00','10800','','7',NULL,'0','0'),
('15128670','280894','3328223','474307','123648','244447','2013-04-14 00:14:00','3600','','7',NULL,'0','0'),
('13760145','281068','3081318','474312','123648','244447','2012-12-05 11:14:02.499838','0',NULL,'1',NULL,'0','0'),
('13760222','281068','3081332','474312','123648','244447','2012-12-05 11:19:49.151424','0',NULL,'1',NULL,'0','0'),
('13760248','281068','3081338','474312','123648','244447','2012-12-05 11:22:00.20183','0',NULL,'1',NULL,'0','0'),
('13760354','281068','3081365','474312','123648','244447','2012-12-05 11:28:55.834113','0',NULL,'1',NULL,'0','0'),
('13760379','281068','3081372','474312','123648','244447','2012-12-05 11:30:19.168348','0',NULL,'1',NULL,'0','0'),
('13760414','281068','3081376','474312','123648','244447','2012-12-05 11:33:11.768531','0',NULL,'1',NULL,'0','0'),
('13760426','281068','3081379','474312','123648','244447','2012-12-05 11:34:15.931909','0',NULL,'1',NULL,'0','0'),
('13760438','281068','3081382','474312','123648','244447','2012-12-05 11:35:18.285067','0',NULL,'1',NULL,'0','0'),
('13760458','281068','3081385','474312','123648','244447','2012-12-05 11:36:04.508075','0',NULL,'1',NULL,'0','0'),
('14800084','281068','3309126','474312','123648','244447','2013-03-18 01:08:07.638261','0',NULL,'1',NULL,'0','0'),
('14826972','280894','3314399','474312','123648','244447','2013-03-19 17:21:23.970313','0','Fazer páginas fixas para todos módulos e só mudar o conteúdo

_topo.xhtml
_rodape.xhtml','1',NULL,'0','1'),
('14915046','280894','3332770','474312','123648','244447','2013-03-26 18:06:14.491361','0',NULL,'1',NULL,'0','0'),
('14797817','281068','3081365','474312','123648','244447','2013-03-17 03:43:23.839592','0','- <strong>Estimate</strong>: 3sem 2d -> 2d
- <strong>Status</strong>: Open -> Invalid
','2',NULL,'0','0'),
('14797826','281068','3081376','474312','123648','244447','2013-03-17 03:55:05.178743','0','- <strong>Estimate</strong>: 1sem 2d -> 2d
- <strong>Status</strong>: Open -> Invalid
','2',NULL,'0','0'),
('14797852','281068','3081385','474312','123648','244447','2013-03-17 04:08:04.207983','0','- <strong>Name</strong>: Validação do projeto -> C
- <strong>Estimate</strong>: 2sem -> 2m
- <strong>Status</strong>: Open -> Invalid
','2',NULL,'0','0'),
('15122642','281068','3081372','474312','123648','244447','2013-04-12 19:13:25.792472','0','- <strong>Estimate</strong>: 1sem 1d -> 1d
- <strong>Status</strong>: Open -> Invalid
','2',NULL,'0','0'),
('15128515','281067','3081318','474312','123648','244447','2013-04-13 21:08:57.417263','4943','- <strong>Status</strong>: In Progress -> Closed
','2',NULL,'0','0'),
('15128516','281067','3081382','474312','123648','244447','2013-04-13 22:31:39.943553','0','- <strong>Status</strong>: Open -> Closed
','2',NULL,'0','0'),
('15129960','281068','3081338','474312','123648','244447','2013-04-14 17:19:21.608924','0','- <strong>Status</strong>: Open -> Invalid
','2',NULL,'0','0'),
('15129962','281068','3332770','474312','123648','244447','2013-04-14 17:20:00','28800','','2',NULL,'0','0'),
('15130113','280894','3314399','474312','123648','244447','2013-04-14 18:11:58.419584','0','- <strong>Status</strong>: In Progress -> Closed
','2',NULL,'0','0'),
('15130115','280894','3081379','474312','123648','244447','2013-04-14 18:12:00','900','','2',NULL,'0','0'),
('13760161','281068','3081318','474312','123648','244447','2012-12-05 11:15:01.589704','0','- <strong>Estimate</strong>: 0min -> 1semanas
- <strong>Due</strong>: None -> Sábado, 05 Janeiro 2013
','5',NULL,'0','0'),
('13760253','281068','3081338','474312','123648','244447','2012-12-05 11:22:26.812833','0','- <strong>Estimate</strong>: 0min -> 1d
- <strong>Due</strong>: None -> Quarta, 23 Janeiro 2013
','5',NULL,'0','0'),
('14797787','281068','3081318','474312','123648','244447','2013-03-17 03:31:56.949836','0','- <strong>Assignment</strong>: Maikon Marin
- <strong>Estimate</strong>: 1sem -> 1m
- <strong>Due</strong>: Sábado, 05 Janeiro 2013 -> Segunda-feira, 18 Março 2013
','5',NULL,'0','0'),
('14797793','281068','3081338','474312','123648','244447','2013-03-17 03:37:28.395607','0','- <strong>Estimate</strong>: 1d -> 2d
- <strong>Due</strong>: Quarta, 23 Janeiro 2013 -> Sexta-feira, 22 Março 2013
','5',NULL,'0','0'),
('14797794','281068','3081332','474312','123648','244447','2013-03-17 03:37:55.940648','0','- <strong>Due</strong>: Terça, 22 Janeiro 2013 -> Sexta-feira, 22 Março 2013
','5',NULL,'0','0'),
('14797818','281068','3081382','474312','123648','244447','2013-03-17 03:47:57.701378','0','- <strong>Due</strong>: Terça, 05 Fevereiro 2013 -> Quarta, 10 Abril 2013
- <strong>Estimate</strong>: 1sem 2d -> 2d
','5',NULL,'0','0'),
('14797819','281068','3081372','474312','123648','244447','2013-03-17 03:48:34.923551','0','- <strong>Due</strong>: Sexta-feira, 08 Fevereiro 2013 -> Sexta-feira, 12 Abril 2013
','5',NULL,'0','0'),
('14797850','281068','3081379','474312','123648','244447','2013-03-17 04:07:08.855105','0','- <strong>Description</strong> changed
- <strong>Assignment</strong>: Elias Fernandes, Maikon Marin, Geovana Veloso, Juliana Costa Silva
- <strong>Estimate</strong>: 1sem 2d -> 1m
- <strong>Due</strong>: Terça, 26 Fevereiro 2013 -> None
','5',NULL,'0','0'),
('14797853','281068','3081379','474312','123648','244447','2013-03-17 04:08:49.898371','0','- <strong>Due</strong>: None -> Quarta, 10 Abril 2013
- <strong>Estimate</strong>: 1m -> 2d
','5',NULL,'0','0'),
('14797855','281068','3081318','474312','123648','244447','2013-03-17 04:10:21.279961','0','- <strong>Due</strong>: Segunda-feira, 18 Março 2013 -> Sexta-feira, 22 Março 2013
','5',NULL,'0','0'),
('14823313','281068','3081332','474312','123648','244447','2013-03-19 14:11:21.064','0','- <strong>Project</strong>: Modelagem de arquitetura -> Versão de testes
','5',NULL,'0','0'),
('14823320','281068','3081338','474312','123648','244447','2013-03-19 14:11:37.781496','0','- <strong>Project</strong>: Modelagem de arquitetura -> Versão de testes
- <strong>Milestone</strong>: Base de dados -> None
','5',NULL,'0','0'),
('14832377','281068','3314399','474312','123648','244447','2013-03-19 23:16:19.37963','0','- <strong>Project</strong>: Acervo de Imagens -> Versão de testes
','5',NULL,'0','0'),
('14900228','281068','3081379','474312','123648','244447','2013-03-25 19:13:08.848992','0','- <strong>Due</strong>: Quarta, 10 Abril 2013 -> Quinta, 11 Abril 2013
','5',NULL,'0','0'),
('14915085','280894','3332770','474312','123648','244447','2013-03-26 18:08:22.905937','0','- <strong>Description</strong> changed
- <strong>Assignment</strong>: Maikon Marin
- <strong>Project</strong>: Análise de Requisitos -> Versão de testes
- <strong>Estimate</strong>: 0m -> 1d
- <strong>Due</strong>: None -> Quinta, 28 Março 2013
- <strong>Priority</strong>: Normal -> High
- <strong>Severity</strong>: Normal -> Major
- <strong>Dependencies</strong>: [<strike>#20</strike>] Classes básicas','5',NULL,'0','0'),
('15122607','281068','3081382','474312','123648','244447','2013-04-12 19:10:54.60915','0','- <strong>Milestone</strong>: None -> Finalização do projeto
','5',NULL,'0','0'),
('15122613','281068','3081379','474312','123648','244447','2013-04-12 19:11:26.252936','0','- <strong>Milestone</strong>: None -> Finalização do projeto
','5',NULL,'0','0'),
('15122647','281068','3081338','474312','123648','244447','2013-04-12 19:13:45.139515','0','- <strong>Milestone</strong>: None -> Finalização do projeto
','5',NULL,'0','0'),
('15122653','281068','3081332','474312','123648','244447','2013-04-12 19:14:09.264235','0','- <strong>Milestone</strong>: None -> Finalização do projeto
','5',NULL,'0','0'),
('15122713','281068','3081318','474312','123648','244447','2013-04-12 19:17:34.860526','0','- <strong>Assignment</strong>: Geovana Veloso
- <strong>Project</strong>: Modelagem de arquitetura -> Versão de testes
- <strong>Milestone</strong>: Base de dados -> Finalização do projeto
','5',NULL,'0','0'),
('15126551','281068','3314399','474312','123648','244447','2013-04-13 04:32:32.895518','0','- <strong>Milestone</strong>: None -> Layout
','5',NULL,'0','0'),
('15126557','281068','3332770','474312','123648','244447','2013-04-13 04:34:32.771899','0','- <strong>Milestone</strong>: None -> Finalização do projeto
','5',NULL,'0','0'),
('15126558','281068','3081365','474312','123648','244447','2013-04-13 04:36:05.597037','0','- <strong>Milestone</strong>: None -> Layout
','5',NULL,'0','0'),
('15126560','281068','3081376','474312','123648','244447','2013-04-13 04:36:18.663962','0','- <strong>Milestone</strong>: None -> Finalização do projeto
','5',NULL,'0','0'),
('15126561','281068','3081385','474312','123648','244447','2013-04-13 04:36:41.891788','0','- <strong>Milestone</strong>: None -> Finalização do projeto
','5',NULL,'0','0'),
('15129959','281068','3081332','474312','123648','244447','2013-04-14 17:19:02.803749','0','- <strong>Assignment</strong>: Geovana Veloso
','5',NULL,'0','0'),
('14800323','281068','3309126','474312','123648','244447','2013-03-18 01:49:00','2777','Escrita do tópico Visão.','7',NULL,'0','1'),
('14882709','280894','3314399','474312','123648','244447','2013-03-18 17:45:00','3600','Alterando para xhtml (JSF)','7',NULL,'0','1'),
('14817383','281068','3309126','474312','123648','244447','2013-03-19 03:58:00','3600','finalizada e revisada a visão do projeto, com Geovana Veloso','7',NULL,'0','1'),
('14832383','281068','3314399','474312','123648','244447','2013-03-19 20:16:40.491384','0',NULL,'7',NULL,'0','0'),
('14882711','280894','3314399','474312','123648','244447','2013-03-23 21:40:00','10500','Alterando paginas de login e dashboard assim como os CRUDs genéricos','7',NULL,'0','1'),
('14909807','280894','3314399','474312','123648','244447','2013-03-25 15:41:00','16440','Ajuste no layout modelo em facelets para os demais módulos','7',NULL,'0','1'),
('15129963','281068','3314399','474312','123648','244447','2013-04-01 17:20:00','21600','','7',NULL,'0','0'),
('14964693','281066','3332770','474312','123648','244447','2013-04-01 17:57:01.761236','45',NULL,'7',NULL,'0','0'),
('14969163','280894','3314399','474312','123648','244447','2013-04-02 00:37:00','16200','','7',NULL,'0','0'),
('15128669','280894','3081379','474312','123648','244447','2013-04-05 19:13:00','7680','','7',NULL,'0','0'),
('15128663','281066','3081379','474312','123648','244447','2013-04-07 00:11:00','21600','','7',NULL,'0','0'),
('15128661','281066','3081379','474312','123648','244447','2013-04-08 00:11:00','10800','','7',NULL,'0','0'),
('15126540','281068','3309126','474312','123648','244447','2013-04-08 04:27:00','7200','Relação de disciplinas do RUP com artefatos e tarfas','7',NULL,'0','1'),
('15128650','281066','3081379','474312','123648','244447','2013-04-09 00:09:00','28800','','7',NULL,'0','0'),
('15126541','281068','3309126','474312','123648','244447','2013-04-09 04:28:00','10800','Orientação sobre o trabalho, e formatação de anexos','7',NULL,'0','1'),
('15128647','281066','3081379','474312','123648','244447','2013-04-10 00:07:00','18000','','7',NULL,'0','0'),
('15128648','281066','3081379','474312','123648','244447','2013-04-11 00:08:00','21600','','7',NULL,'0','0'),
('15126542','281068','3309126','474312','123648','244447','2013-04-11 04:29:00','14400','Criação de lista de títulos, integração de tópicos ao sumário (automático) levantamento de artefatos que serão revisados','7',NULL,'0','1'),
('15128652','281066','3081379','474312','123648','244447','2013-04-12 00:09:00','14400','','7',NULL,'0','0'),
('15130162','281066','3332770','474312','123648','244447','2013-04-12 01:17:24.013041','1021',NULL,'7',NULL,'0','0'),
('15128655','281066','3081379','474312','123648','244447','2013-04-13 00:10:00','10800','','7',NULL,'0','0'),
('15126568','281068','3309126','474312','123648','244447','2013-04-13 04:30:37.673537','808','Organização do ClockingIt para extração de relatórios','7',NULL,'0','1'),
('15129966','281068','3309126','474312','123648','244447','2013-04-13 17:21:00','10800','Listas de figuras','7',NULL,'0','1'),
('15128665','281066','3081379','474312','123648','244447','2013-04-13 21:12:11.338785','0',NULL,'7',NULL,'0','0'),
('15128646','281066','3332770','474312','123648','244447','2013-04-14 00:07:00','25200','','7',NULL,'0','0'),
('15129964','281068','3081379','474312','123648','244447','2013-04-14 14:21:24.507998','0',NULL,'7',NULL,'0','0'),
('15130160','281066','3332770','474312','123648','244447','2013-04-14 18:30:00','18000','','7',NULL,'0','0');

###################
# Dumping table generated_reports
###################

